corpus,framework,language,label,model,precision,recall,f1,support
eng.dep.scidtb,dep,eng,alternation,Qwen3 finetune,0.0,0.0,0.0,0
eng.dep.scidtb,dep,eng,attribution,Qwen3 finetune,0.8832116788321168,0.9307692307692308,0.9063670411985019,130
eng.dep.scidtb,dep,eng,causal,Qwen3 finetune,0.30434782608695654,0.17073170731707318,0.21875,41
eng.dep.scidtb,dep,eng,comment,Qwen3 finetune,0.6054421768707483,0.5028248587570622,0.5493827160493827,177
eng.dep.scidtb,dep,eng,concession,Qwen3 finetune,0.05714285714285714,0.09523809523809523,0.07142857142857142,21
eng.dep.scidtb,dep,eng,condition,Qwen3 finetune,0.8333333333333334,0.15151515151515152,0.2564102564102564,33
eng.dep.scidtb,dep,eng,conjunction,Qwen3 finetune,0.6722222222222223,0.7806451612903226,0.7223880597014926,155
eng.dep.scidtb,dep,eng,contrast,Qwen3 finetune,0.6595744680851063,0.43661971830985913,0.5254237288135594,71
eng.dep.scidtb,dep,eng,elaboration,Qwen3 finetune,0.7061356297093649,0.830379746835443,0.7632344386271088,790
eng.dep.scidtb,dep,eng,explanation,Qwen3 finetune,0.14285714285714285,0.037037037037037035,0.058823529411764705,27
eng.dep.scidtb,dep,eng,frame,Qwen3 finetune,0.6981132075471698,0.5323741007194245,0.6040816326530613,139
eng.dep.scidtb,dep,eng,mode,Qwen3 finetune,0.7523809523809524,0.6528925619834711,0.6991150442477876,121
eng.dep.scidtb,dep,eng,organization,Qwen3 finetune,0.0,0.0,0.0,48
eng.dep.scidtb,dep,eng,purpose,Qwen3 finetune,0.7448275862068966,0.8571428571428571,0.7970479704797048,126
eng.dep.scidtb,dep,eng,query,Qwen3 finetune,0.0,0.0,0.0,0
eng.dep.scidtb,dep,eng,temporal,Qwen3 finetune,0.43333333333333335,0.5652173913043478,0.49056603773584906,23
eng.dep.scidtb,dep,eng,alternation,XLMR finetune,0.0,0.0,0.0,0
eng.dep.scidtb,dep,eng,attribution,XLMR finetune,0.9280575539568345,0.9923076923076923,0.9591078066914498,130
eng.dep.scidtb,dep,eng,causal,XLMR finetune,0.2711864406779661,0.3902439024390244,0.32,41
eng.dep.scidtb,dep,eng,comment,XLMR finetune,0.7704918032786885,0.7966101694915254,0.7833333333333333,177
eng.dep.scidtb,dep,eng,concession,XLMR finetune,0.2682926829268293,0.5238095238095238,0.3548387096774194,21
eng.dep.scidtb,dep,eng,condition,XLMR finetune,0.9444444444444444,0.5151515151515151,0.6666666666666666,33
eng.dep.scidtb,dep,eng,conjunction,XLMR finetune,0.757396449704142,0.8258064516129032,0.7901234567901234,155
eng.dep.scidtb,dep,eng,contrast,XLMR finetune,0.673469387755102,0.4647887323943662,0.55,71
eng.dep.scidtb,dep,eng,elaboration,XLMR finetune,0.8518041237113402,0.8367088607594937,0.8441890166028098,790
eng.dep.scidtb,dep,eng,explanation,XLMR finetune,0.6153846153846154,0.2962962962962963,0.4,27
eng.dep.scidtb,dep,eng,frame,XLMR finetune,0.7961783439490446,0.8992805755395683,0.8445945945945946,139
eng.dep.scidtb,dep,eng,mode,XLMR finetune,0.8495575221238938,0.7933884297520661,0.8205128205128205,121
eng.dep.scidtb,dep,eng,organization,XLMR finetune,0.3333333333333333,0.041666666666666664,0.07407407407407407,48
eng.dep.scidtb,dep,eng,purpose,XLMR finetune,0.7659574468085106,0.8571428571428571,0.8089887640449438,126
eng.dep.scidtb,dep,eng,temporal,XLMR finetune,0.5714285714285714,0.8695652173913043,0.6896551724137931,23
eng.dep.scidtb,dep,eng,attribution,XLMR framework,0.9148936170212766,0.9923076923076923,0.9520295202952029,130
eng.dep.scidtb,dep,eng,causal,XLMR framework,0.29411764705882354,0.36585365853658536,0.32608695652173914,41
eng.dep.scidtb,dep,eng,comment,XLMR framework,0.6910994764397905,0.7457627118644068,0.717391304347826,177
eng.dep.scidtb,dep,eng,concession,XLMR framework,0.26666666666666666,0.5714285714285714,0.36363636363636365,21
eng.dep.scidtb,dep,eng,condition,XLMR framework,1.0,0.3333333333333333,0.5,33
eng.dep.scidtb,dep,eng,conjunction,XLMR framework,0.7647058823529411,0.8387096774193549,0.8,155
eng.dep.scidtb,dep,eng,contrast,XLMR framework,0.6785714285714286,0.5352112676056338,0.5984251968503937,71
eng.dep.scidtb,dep,eng,elaboration,XLMR framework,0.8392156862745098,0.8126582278481013,0.8257234726688103,790
eng.dep.scidtb,dep,eng,explanation,XLMR framework,0.7142857142857143,0.18518518518518517,0.29411764705882354,27
eng.dep.scidtb,dep,eng,frame,XLMR framework,0.8211920529801324,0.8920863309352518,0.8551724137931035,139
eng.dep.scidtb,dep,eng,mode,XLMR framework,0.8333333333333334,0.8264462809917356,0.8298755186721992,121
eng.dep.scidtb,dep,eng,organization,XLMR framework,0.0,0.0,0.0,48
eng.dep.scidtb,dep,eng,purpose,XLMR framework,0.7482993197278912,0.873015873015873,0.8058608058608059,126
eng.dep.scidtb,dep,eng,temporal,XLMR framework,0.5116279069767442,0.9565217391304348,0.6666666666666666,23
eng.dep.scidtb,dep,eng,attribution,XLMR frozen linear,0.8421052631578947,0.12307692307692308,0.21476510067114093,130
eng.dep.scidtb,dep,eng,causal,XLMR frozen linear,0.0,0.0,0.0,41
eng.dep.scidtb,dep,eng,comment,XLMR frozen linear,0.08333333333333333,0.005649717514124294,0.010582010582010581,177
eng.dep.scidtb,dep,eng,concession,XLMR frozen linear,0.0,0.0,0.0,21
eng.dep.scidtb,dep,eng,condition,XLMR frozen linear,0.0,0.0,0.0,33
eng.dep.scidtb,dep,eng,conjunction,XLMR frozen linear,0.2727272727272727,0.01935483870967742,0.03614457831325301,155
eng.dep.scidtb,dep,eng,contrast,XLMR frozen linear,0.0,0.0,0.0,71
eng.dep.scidtb,dep,eng,elaboration,XLMR frozen linear,0.425414364640884,0.9746835443037974,0.5923076923076923,790
eng.dep.scidtb,dep,eng,explanation,XLMR frozen linear,0.0,0.0,0.0,27
eng.dep.scidtb,dep,eng,frame,XLMR frozen linear,0.0,0.0,0.0,139
eng.dep.scidtb,dep,eng,mode,XLMR frozen linear,0.1111111111111111,0.008264462809917356,0.015384615384615385,121
eng.dep.scidtb,dep,eng,organization,XLMR frozen linear,0.0,0.0,0.0,48
eng.dep.scidtb,dep,eng,purpose,XLMR frozen linear,0.3684210526315789,0.1111111111111111,0.17073170731707318,126
eng.dep.scidtb,dep,eng,temporal,XLMR frozen linear,1.0,0.043478260869565216,0.08333333333333333,23
eng.dep.scidtb,dep,eng,alternation,XLMR frozen + TSV feat,0.0,0.0,0.0,0
eng.dep.scidtb,dep,eng,attribution,XLMR frozen + TSV feat,0.8543689320388349,0.676923076923077,0.7553648068669528,130
eng.dep.scidtb,dep,eng,causal,XLMR frozen + TSV feat,0.2727272727272727,0.14634146341463414,0.19047619047619047,41
eng.dep.scidtb,dep,eng,comment,XLMR frozen + TSV feat,0.7663551401869159,0.4632768361581921,0.5774647887323944,177
eng.dep.scidtb,dep,eng,concession,XLMR frozen + TSV feat,0.0,0.0,0.0,21
eng.dep.scidtb,dep,eng,condition,XLMR frozen + TSV feat,0.0,0.0,0.0,33
eng.dep.scidtb,dep,eng,conjunction,XLMR frozen + TSV feat,0.5769230769230769,0.3870967741935484,0.46332046332046334,155
eng.dep.scidtb,dep,eng,contrast,XLMR frozen + TSV feat,0.45454545454545453,0.14084507042253522,0.21505376344086022,71
eng.dep.scidtb,dep,eng,elaboration,XLMR frozen + TSV feat,0.5980091883614089,0.9886075949367089,0.7452290076335878,790
eng.dep.scidtb,dep,eng,explanation,XLMR frozen + TSV feat,0.2,0.07407407407407407,0.10810810810810811,27
eng.dep.scidtb,dep,eng,frame,XLMR frozen + TSV feat,0.7017543859649122,0.28776978417266186,0.40816326530612246,139
eng.dep.scidtb,dep,eng,mode,XLMR frozen + TSV feat,0.676056338028169,0.39669421487603307,0.5,121
eng.dep.scidtb,dep,eng,organization,XLMR frozen + TSV feat,0.1111111111111111,0.020833333333333332,0.03508771929824561,48
eng.dep.scidtb,dep,eng,purpose,XLMR frozen + TSV feat,0.6206896551724138,0.2857142857142857,0.391304347826087,126
eng.dep.scidtb,dep,eng,query,XLMR frozen + TSV feat,0.0,0.0,0.0,0
eng.dep.scidtb,dep,eng,temporal,XLMR frozen + TSV feat,0.3103448275862069,0.391304347826087,0.34615384615384615,23
eng.dep.scidtb,dep,eng,attribution,XLMR finetune + TSV feat,1.0,1.0,1.0,130
eng.dep.scidtb,dep,eng,causal,XLMR finetune + TSV feat,1.0,1.0,1.0,41
eng.dep.scidtb,dep,eng,comment,XLMR finetune + TSV feat,1.0,1.0,1.0,177
eng.dep.scidtb,dep,eng,concession,XLMR finetune + TSV feat,1.0,0.9523809523809523,0.975609756097561,21
eng.dep.scidtb,dep,eng,condition,XLMR finetune + TSV feat,1.0,1.0,1.0,33
eng.dep.scidtb,dep,eng,conjunction,XLMR finetune + TSV feat,1.0,1.0,1.0,155
eng.dep.scidtb,dep,eng,contrast,XLMR finetune + TSV feat,1.0,1.0,1.0,71
eng.dep.scidtb,dep,eng,elaboration,XLMR finetune + TSV feat,1.0,1.0,1.0,790
eng.dep.scidtb,dep,eng,explanation,XLMR finetune + TSV feat,1.0,1.0,1.0,27
eng.dep.scidtb,dep,eng,frame,XLMR finetune + TSV feat,1.0,1.0,1.0,139
eng.dep.scidtb,dep,eng,mode,XLMR finetune + TSV feat,1.0,1.0,1.0,121
eng.dep.scidtb,dep,eng,organization,XLMR finetune + TSV feat,1.0,1.0,1.0,48
eng.dep.scidtb,dep,eng,purpose,XLMR finetune + TSV feat,1.0,1.0,1.0,126
eng.dep.scidtb,dep,eng,temporal,XLMR finetune + TSV feat,0.9583333333333334,1.0,0.9787234042553191,23
eng.erst.gum,rst,eng,alternation,Qwen3 finetune,0.7058823529411765,0.35294117647058826,0.47058823529411764,34
eng.erst.gum,rst,eng,attribution,Qwen3 finetune,0.7098445595854922,0.6061946902654868,0.6539379474940334,226
eng.erst.gum,rst,eng,causal,Qwen3 finetune,0.32298136645962733,0.3443708609271523,0.3333333333333333,151
eng.erst.gum,rst,eng,comment,Qwen3 finetune,0.35,0.10218978102189781,0.15819209039548024,137
eng.erst.gum,rst,eng,concession,Qwen3 finetune,0.4017094017094017,0.3983050847457627,0.4,118
eng.erst.gum,rst,eng,condition,Qwen3 finetune,0.6626506024096386,0.6875,0.6748466257668712,80
eng.erst.gum,rst,eng,conjunction,Qwen3 finetune,0.39541160593792174,0.5435992578849722,0.4578125,539
eng.erst.gum,rst,eng,contrast,Qwen3 finetune,0.3228346456692913,0.2645161290322581,0.2907801418439716,155
eng.erst.gum,rst,eng,elaboration,Qwen3 finetune,0.462843295638126,0.71625,0.5623159960745829,800
eng.erst.gum,rst,eng,explanation,Qwen3 finetune,0.40963855421686746,0.14285714285714285,0.2118380062305296,238
eng.erst.gum,rst,eng,frame,Qwen3 finetune,0.1836734693877551,0.10285714285714286,0.13186813186813187,175
eng.erst.gum,rst,eng,mode,Qwen3 finetune,0.65,0.3291139240506329,0.4369747899159664,79
eng.erst.gum,rst,eng,organization,Qwen3 finetune,0.5390070921985816,0.3275862068965517,0.4075067024128686,232
eng.erst.gum,rst,eng,purpose,Qwen3 finetune,0.8571428571428571,0.7058823529411765,0.7741935483870968,136
eng.erst.gum,rst,eng,query,Qwen3 finetune,0.5384615384615384,0.4444444444444444,0.48695652173913045,63
eng.erst.gum,rst,eng,reformulation,Qwen3 finetune,0.5,0.2535211267605634,0.3364485981308411,71
eng.erst.gum,rst,eng,temporal,Qwen3 finetune,0.6093189964157706,0.5246913580246914,0.5638474295190713,324
eng.erst.gum,rst,eng,alternation,XLMR finetune,0.6785714285714286,0.5588235294117647,0.6129032258064516,34
eng.erst.gum,rst,eng,attribution,XLMR finetune,0.756,0.8362831858407079,0.7941176470588235,226
eng.erst.gum,rst,eng,causal,XLMR finetune,0.3956043956043956,0.4768211920529801,0.43243243243243246,151
eng.erst.gum,rst,eng,comment,XLMR finetune,0.4235294117647059,0.26277372262773724,0.32432432432432434,137
eng.erst.gum,rst,eng,concession,XLMR finetune,0.48872180451127817,0.5508474576271186,0.5179282868525896,118
eng.erst.gum,rst,eng,condition,XLMR finetune,0.7142857142857143,0.8125,0.7602339181286549,80
eng.erst.gum,rst,eng,conjunction,XLMR finetune,0.4854961832061069,0.5899814471243042,0.5326633165829145,539
eng.erst.gum,rst,eng,contrast,XLMR finetune,0.5714285714285714,0.43870967741935485,0.49635036496350365,155
eng.erst.gum,rst,eng,elaboration,XLMR finetune,0.6435643564356436,0.73125,0.684610883557636,800
eng.erst.gum,rst,eng,explanation,XLMR finetune,0.5103448275862069,0.31092436974789917,0.38642297650130547,238
eng.erst.gum,rst,eng,frame,XLMR finetune,0.24203821656050956,0.21714285714285714,0.2289156626506024,175
eng.erst.gum,rst,eng,mode,XLMR finetune,0.7066666666666667,0.6708860759493671,0.6883116883116883,79
eng.erst.gum,rst,eng,organization,XLMR finetune,0.7129629629629629,0.6637931034482759,0.6875,232
eng.erst.gum,rst,eng,purpose,XLMR finetune,0.8914728682170543,0.8455882352941176,0.8679245283018868,136
eng.erst.gum,rst,eng,query,XLMR finetune,0.76,0.6031746031746031,0.672566371681416,63
eng.erst.gum,rst,eng,reformulation,XLMR finetune,0.5813953488372093,0.352112676056338,0.43859649122807015,71
eng.erst.gum,rst,eng,temporal,XLMR finetune,0.7147766323024055,0.6419753086419753,0.6764227642276422,324
eng.erst.gum,rst,eng,alternation,XLMR framework,0.76,0.5588235294117647,0.6440677966101694,34
eng.erst.gum,rst,eng,attribution,XLMR framework,0.7876106194690266,0.7876106194690266,0.7876106194690266,226
eng.erst.gum,rst,eng,causal,XLMR framework,0.3613861386138614,0.48344370860927155,0.41359773371104813,151
eng.erst.gum,rst,eng,comment,XLMR framework,0.37349397590361444,0.22627737226277372,0.2818181818181818,137
eng.erst.gum,rst,eng,concession,XLMR framework,0.4768211920529801,0.6101694915254238,0.5353159851301115,118
eng.erst.gum,rst,eng,condition,XLMR framework,0.735632183908046,0.8,0.7664670658682635,80
eng.erst.gum,rst,eng,conjunction,XLMR framework,0.47774480712166173,0.5974025974025974,0.5309150865622424,539
eng.erst.gum,rst,eng,contrast,XLMR framework,0.6262626262626263,0.4,0.4881889763779528,155
eng.erst.gum,rst,eng,elaboration,XLMR framework,0.6142857142857143,0.7525,0.6764044943820224,800
eng.erst.gum,rst,eng,explanation,XLMR framework,0.4129032258064516,0.2689075630252101,0.3256997455470738,238
eng.erst.gum,rst,eng,frame,XLMR framework,0.375,0.12,0.18181818181818182,175
eng.erst.gum,rst,eng,mode,XLMR framework,0.7868852459016393,0.6075949367088608,0.6857142857142857,79
eng.erst.gum,rst,eng,organization,XLMR framework,0.7203791469194313,0.6551724137931034,0.6862302483069977,232
eng.erst.gum,rst,eng,purpose,XLMR framework,0.8854961832061069,0.8529411764705882,0.8689138576779026,136
eng.erst.gum,rst,eng,query,XLMR framework,0.7608695652173914,0.5555555555555556,0.6422018348623854,63
eng.erst.gum,rst,eng,reformulation,XLMR framework,0.4583333333333333,0.4647887323943662,0.46153846153846156,71
eng.erst.gum,rst,eng,temporal,XLMR framework,0.6923076923076923,0.6388888888888888,0.6645264847512039,324
eng.erst.gum,rst,eng,alternation,XLMR frozen linear,0.5,0.058823529411764705,0.10526315789473684,34
eng.erst.gum,rst,eng,attribution,XLMR frozen linear,0.3698630136986301,0.11946902654867257,0.1806020066889632,226
eng.erst.gum,rst,eng,causal,XLMR frozen linear,0.08411214953271028,0.11920529801324503,0.09863013698630137,151
eng.erst.gum,rst,eng,comment,XLMR frozen linear,0.12195121951219512,0.0364963503649635,0.056179775280898875,137
eng.erst.gum,rst,eng,concession,XLMR frozen linear,0.2222222222222222,0.03389830508474576,0.058823529411764705,118
eng.erst.gum,rst,eng,condition,XLMR frozen linear,0.26666666666666666,0.05,0.08421052631578947,80
eng.erst.gum,rst,eng,conjunction,XLMR frozen linear,0.21861656703672075,0.4749536178107607,0.2994152046783626,539
eng.erst.gum,rst,eng,contrast,XLMR frozen linear,0.16666666666666666,0.0064516129032258064,0.012422360248447204,155
eng.erst.gum,rst,eng,elaboration,XLMR frozen linear,0.3108022741629817,0.615,0.41292488459924465,800
eng.erst.gum,rst,eng,explanation,XLMR frozen linear,0.0,0.0,0.0,238
eng.erst.gum,rst,eng,frame,XLMR frozen linear,0.0,0.0,0.0,175
eng.erst.gum,rst,eng,mode,XLMR frozen linear,0.0,0.0,0.0,79
eng.erst.gum,rst,eng,organization,XLMR frozen linear,0.36,0.07758620689655173,0.1276595744680851,232
eng.erst.gum,rst,eng,purpose,XLMR frozen linear,0.5,0.10294117647058823,0.17073170731707318,136
eng.erst.gum,rst,eng,query,XLMR frozen linear,0.11711711711711711,0.20634920634920634,0.14942528735632185,63
eng.erst.gum,rst,eng,reformulation,XLMR frozen linear,0.4,0.028169014084507043,0.05263157894736842,71
eng.erst.gum,rst,eng,temporal,XLMR frozen linear,0.4329004329004329,0.30864197530864196,0.36036036036036034,324
eng.erst.gum,rst,eng,alternation,XLMR frozen + TSV feat,1.0,0.08823529411764706,0.16216216216216217,34
eng.erst.gum,rst,eng,attribution,XLMR frozen + TSV feat,0.8290598290598291,0.8584070796460177,0.8434782608695652,226
eng.erst.gum,rst,eng,causal,XLMR frozen + TSV feat,0.4804270462633452,0.8940397350993378,0.625,151
eng.erst.gum,rst,eng,comment,XLMR frozen + TSV feat,0.9166666666666666,0.7226277372262774,0.8081632653061225,137
eng.erst.gum,rst,eng,concession,XLMR frozen + TSV feat,0.7894736842105263,0.7627118644067796,0.7758620689655172,118
eng.erst.gum,rst,eng,condition,XLMR frozen + TSV feat,0.9038461538461539,0.5875,0.7121212121212122,80
eng.erst.gum,rst,eng,conjunction,XLMR frozen + TSV feat,0.6738505747126436,0.8701298701298701,0.7595141700404858,539
eng.erst.gum,rst,eng,contrast,XLMR frozen + TSV feat,0.8311688311688312,0.4129032258064516,0.5517241379310345,155
eng.erst.gum,rst,eng,elaboration,XLMR frozen + TSV feat,0.7393075356415478,0.9075,0.8148148148148148,800
eng.erst.gum,rst,eng,explanation,XLMR frozen + TSV feat,0.8360655737704918,0.6428571428571429,0.7268408551068883,238
eng.erst.gum,rst,eng,frame,XLMR frozen + TSV feat,0.8144329896907216,0.4514285714285714,0.5808823529411765,175
eng.erst.gum,rst,eng,mode,XLMR frozen + TSV feat,0.92,0.2911392405063291,0.4423076923076923,79
eng.erst.gum,rst,eng,organization,XLMR frozen + TSV feat,0.9027777777777778,0.8405172413793104,0.8705357142857143,232
eng.erst.gum,rst,eng,purpose,XLMR frozen + TSV feat,0.9047619047619048,0.5588235294117647,0.6909090909090909,136
eng.erst.gum,rst,eng,query,XLMR frozen + TSV feat,0.8666666666666667,0.6190476190476191,0.7222222222222222,63
eng.erst.gum,rst,eng,reformulation,XLMR frozen + TSV feat,1.0,0.43661971830985913,0.6078431372549019,71
eng.erst.gum,rst,eng,temporal,XLMR frozen + TSV feat,0.7757575757575758,0.7901234567901234,0.7828746177370031,324
eng.erst.gum,rst,eng,alternation,XLMR finetune + TSV feat,1.0,1.0,1.0,34
eng.erst.gum,rst,eng,attribution,XLMR finetune + TSV feat,1.0,1.0,1.0,226
eng.erst.gum,rst,eng,causal,XLMR finetune + TSV feat,1.0,1.0,1.0,151
eng.erst.gum,rst,eng,comment,XLMR finetune + TSV feat,1.0,1.0,1.0,137
eng.erst.gum,rst,eng,concession,XLMR finetune + TSV feat,1.0,1.0,1.0,118
eng.erst.gum,rst,eng,condition,XLMR finetune + TSV feat,1.0,1.0,1.0,80
eng.erst.gum,rst,eng,conjunction,XLMR finetune + TSV feat,1.0,1.0,1.0,539
eng.erst.gum,rst,eng,contrast,XLMR finetune + TSV feat,1.0,1.0,1.0,155
eng.erst.gum,rst,eng,elaboration,XLMR finetune + TSV feat,1.0,1.0,1.0,800
eng.erst.gum,rst,eng,explanation,XLMR finetune + TSV feat,1.0,1.0,1.0,238
eng.erst.gum,rst,eng,frame,XLMR finetune + TSV feat,1.0,1.0,1.0,175
eng.erst.gum,rst,eng,mode,XLMR finetune + TSV feat,1.0,1.0,1.0,79
eng.erst.gum,rst,eng,organization,XLMR finetune + TSV feat,1.0,1.0,1.0,232
eng.erst.gum,rst,eng,purpose,XLMR finetune + TSV feat,1.0,1.0,1.0,136
eng.erst.gum,rst,eng,query,XLMR finetune + TSV feat,1.0,1.0,1.0,63
eng.erst.gum,rst,eng,reformulation,XLMR finetune + TSV feat,1.0,1.0,1.0,71
eng.erst.gum,rst,eng,temporal,XLMR finetune + TSV feat,1.0,1.0,1.0,324
eng.pdtb.gum,pdtb,eng,alternation,Qwen3 finetune,0.6666666666666666,0.4444444444444444,0.5333333333333333,27
eng.pdtb.gum,pdtb,eng,attribution,Qwen3 finetune,0.0,0.0,0.0,0
eng.pdtb.gum,pdtb,eng,causal,Qwen3 finetune,0.5284090909090909,0.3891213389121339,0.44819277108433736,239
eng.pdtb.gum,pdtb,eng,comment,Qwen3 finetune,0.0,0.0,0.0,0
eng.pdtb.gum,pdtb,eng,concession,Qwen3 finetune,0.5463917525773195,0.53,0.5380710659898477,100
eng.pdtb.gum,pdtb,eng,condition,Qwen3 finetune,0.7671232876712328,0.717948717948718,0.7417218543046358,78
eng.pdtb.gum,pdtb,eng,conjunction,Qwen3 finetune,0.5656565656565656,0.7133757961783439,0.6309859154929578,471
eng.pdtb.gum,pdtb,eng,contrast,Qwen3 finetune,0.5254237288135594,0.29523809523809524,0.3780487804878049,105
eng.pdtb.gum,pdtb,eng,elaboration,Qwen3 finetune,0.3876651982378855,0.44221105527638194,0.4131455399061033,199
eng.pdtb.gum,pdtb,eng,explanation,Qwen3 finetune,0.0,0.0,0.0,1
eng.pdtb.gum,pdtb,eng,frame,Qwen3 finetune,0.0,0.0,0.0,0
eng.pdtb.gum,pdtb,eng,mode,Qwen3 finetune,0.6052631578947368,0.3770491803278688,0.46464646464646464,61
eng.pdtb.gum,pdtb,eng,organization,Qwen3 finetune,0.0,0.0,0.0,0
eng.pdtb.gum,pdtb,eng,purpose,Qwen3 finetune,0.8939393939393939,0.6704545454545454,0.7662337662337663,88
eng.pdtb.gum,pdtb,eng,query,Qwen3 finetune,0.76,0.7450980392156863,0.7524752475247525,51
eng.pdtb.gum,pdtb,eng,reformulation,Qwen3 finetune,0.6666666666666666,0.3333333333333333,0.4444444444444444,12
eng.pdtb.gum,pdtb,eng,temporal,Qwen3 finetune,0.645021645021645,0.610655737704918,0.6273684210526316,244
eng.pdtb.gum,pdtb,eng,alternation,XLMR finetune,0.7407407407407407,0.7407407407407407,0.7407407407407407,27
eng.pdtb.gum,pdtb,eng,attribution,XLMR finetune,0.0,0.0,0.0,0
eng.pdtb.gum,pdtb,eng,causal,XLMR finetune,0.6187845303867403,0.4686192468619247,0.5333333333333333,239
eng.pdtb.gum,pdtb,eng,comment,XLMR finetune,0.0,0.0,0.0,0
eng.pdtb.gum,pdtb,eng,concession,XLMR finetune,0.6701030927835051,0.65,0.6598984771573604,100
eng.pdtb.gum,pdtb,eng,condition,XLMR finetune,0.8783783783783784,0.8333333333333334,0.8552631578947368,78
eng.pdtb.gum,pdtb,eng,conjunction,XLMR finetune,0.6127744510978044,0.6518046709129511,0.6316872427983539,471
eng.pdtb.gum,pdtb,eng,contrast,XLMR finetune,0.6375,0.4857142857142857,0.5513513513513514,105
eng.pdtb.gum,pdtb,eng,elaboration,XLMR finetune,0.4951923076923077,0.5175879396984925,0.5061425061425061,199
eng.pdtb.gum,pdtb,eng,explanation,XLMR finetune,0.0,0.0,0.0,1
eng.pdtb.gum,pdtb,eng,frame,XLMR finetune,0.0,0.0,0.0,0
eng.pdtb.gum,pdtb,eng,mode,XLMR finetune,0.6417910447761194,0.7049180327868853,0.671875,61
eng.pdtb.gum,pdtb,eng,organization,XLMR finetune,0.0,0.0,0.0,0
eng.pdtb.gum,pdtb,eng,purpose,XLMR finetune,0.9420289855072463,0.7386363636363636,0.8280254777070064,88
eng.pdtb.gum,pdtb,eng,query,XLMR finetune,0.9090909090909091,0.7843137254901961,0.8421052631578947,51
eng.pdtb.gum,pdtb,eng,reformulation,XLMR finetune,0.2857142857142857,0.3333333333333333,0.3076923076923077,12
eng.pdtb.gum,pdtb,eng,temporal,XLMR finetune,0.6816479400749064,0.7459016393442623,0.7123287671232876,244
eng.pdtb.gum,pdtb,eng,alternation,XLMR framework,0.7777777777777778,0.7777777777777778,0.7777777777777778,27
eng.pdtb.gum,pdtb,eng,causal,XLMR framework,0.6019417475728155,0.5188284518828452,0.5573033707865168,239
eng.pdtb.gum,pdtb,eng,concession,XLMR framework,0.673469387755102,0.66,0.6666666666666666,100
eng.pdtb.gum,pdtb,eng,condition,XLMR framework,0.8904109589041096,0.8333333333333334,0.8609271523178808,78
eng.pdtb.gum,pdtb,eng,conjunction,XLMR framework,0.6064030131826742,0.6836518046709129,0.6427145708582834,471
eng.pdtb.gum,pdtb,eng,contrast,XLMR framework,0.6233766233766234,0.45714285714285713,0.5274725274725275,105
eng.pdtb.gum,pdtb,eng,elaboration,XLMR framework,0.4925373134328358,0.49748743718592964,0.495,199
eng.pdtb.gum,pdtb,eng,explanation,XLMR framework,0.0,0.0,0.0,1
eng.pdtb.gum,pdtb,eng,mode,XLMR framework,0.6615384615384615,0.7049180327868853,0.6825396825396826,61
eng.pdtb.gum,pdtb,eng,organization,XLMR framework,0.0,0.0,0.0,0
eng.pdtb.gum,pdtb,eng,purpose,XLMR framework,0.9558823529411765,0.7386363636363636,0.8333333333333334,88
eng.pdtb.gum,pdtb,eng,query,XLMR framework,0.9534883720930233,0.803921568627451,0.8723404255319149,51
eng.pdtb.gum,pdtb,eng,reformulation,XLMR framework,0.2,0.3333333333333333,0.25,12
eng.pdtb.gum,pdtb,eng,temporal,XLMR framework,0.6885245901639344,0.6885245901639344,0.6885245901639344,244
eng.pdtb.gum,pdtb,eng,alternation,XLMR frozen linear,0.5,0.037037037037037035,0.06896551724137931,27
eng.pdtb.gum,pdtb,eng,attribution,XLMR frozen linear,0.0,0.0,0.0,0
eng.pdtb.gum,pdtb,eng,causal,XLMR frozen linear,0.22535211267605634,0.26778242677824265,0.2447418738049713,239
eng.pdtb.gum,pdtb,eng,comment,XLMR frozen linear,0.0,0.0,0.0,0
eng.pdtb.gum,pdtb,eng,concession,XLMR frozen linear,0.125,0.01,0.018518518518518517,100
eng.pdtb.gum,pdtb,eng,condition,XLMR frozen linear,0.6363636363636364,0.08974358974358974,0.15730337078651685,78
eng.pdtb.gum,pdtb,eng,conjunction,XLMR frozen linear,0.3385490753911807,0.505307855626327,0.40545144804088584,471
eng.pdtb.gum,pdtb,eng,contrast,XLMR frozen linear,0.0,0.0,0.0,105
eng.pdtb.gum,pdtb,eng,elaboration,XLMR frozen linear,0.13875598086124402,0.2914572864321608,0.1880064829821718,199
eng.pdtb.gum,pdtb,eng,explanation,XLMR frozen linear,0.0,0.0,0.0,1
eng.pdtb.gum,pdtb,eng,mode,XLMR frozen linear,0.0,0.0,0.0,61
eng.pdtb.gum,pdtb,eng,organization,XLMR frozen linear,0.0,0.0,0.0,0
eng.pdtb.gum,pdtb,eng,purpose,XLMR frozen linear,0.5,0.09090909090909091,0.15384615384615385,88
eng.pdtb.gum,pdtb,eng,query,XLMR frozen linear,0.17647058823529413,0.058823529411764705,0.08823529411764706,51
eng.pdtb.gum,pdtb,eng,reformulation,XLMR frozen linear,0.3333333333333333,0.08333333333333333,0.13333333333333333,12
eng.pdtb.gum,pdtb,eng,temporal,XLMR frozen linear,0.49246231155778897,0.4016393442622951,0.44243792325056436,244
eng.pdtb.gum,pdtb,eng,alternation,XLMR frozen + TSV feat,0.0,0.0,0.0,27
eng.pdtb.gum,pdtb,eng,attribution,XLMR frozen + TSV feat,0.0,0.0,0.0,0
eng.pdtb.gum,pdtb,eng,causal,XLMR frozen + TSV feat,0.6456456456456456,0.899581589958159,0.7517482517482518,239
eng.pdtb.gum,pdtb,eng,comment,XLMR frozen + TSV feat,0.0,0.0,0.0,0
eng.pdtb.gum,pdtb,eng,concession,XLMR frozen + TSV feat,0.72,0.9,0.8,100
eng.pdtb.gum,pdtb,eng,condition,XLMR frozen + TSV feat,0.875,0.6282051282051282,0.7313432835820896,78
eng.pdtb.gum,pdtb,eng,conjunction,XLMR frozen + TSV feat,0.6873889875666075,0.821656050955414,0.7485493230174082,471
eng.pdtb.gum,pdtb,eng,contrast,XLMR frozen + TSV feat,0.5357142857142857,0.14285714285714285,0.22556390977443608,105
eng.pdtb.gum,pdtb,eng,elaboration,XLMR frozen + TSV feat,0.5544554455445545,0.5628140703517588,0.5586034912718204,199
eng.pdtb.gum,pdtb,eng,explanation,XLMR frozen + TSV feat,0.0,0.0,0.0,1
eng.pdtb.gum,pdtb,eng,frame,XLMR frozen + TSV feat,0.0,0.0,0.0,0
eng.pdtb.gum,pdtb,eng,mode,XLMR frozen + TSV feat,0.9,0.14754098360655737,0.2535211267605634,61
eng.pdtb.gum,pdtb,eng,organization,XLMR frozen + TSV feat,0.0,0.0,0.0,0
eng.pdtb.gum,pdtb,eng,purpose,XLMR frozen + TSV feat,0.9459459459459459,0.7954545454545454,0.8641975308641975,88
eng.pdtb.gum,pdtb,eng,query,XLMR frozen + TSV feat,0.8,0.1568627450980392,0.26229508196721313,51
eng.pdtb.gum,pdtb,eng,reformulation,XLMR frozen + TSV feat,0.0,0.0,0.0,12
eng.pdtb.gum,pdtb,eng,temporal,XLMR frozen + TSV feat,0.8416988416988417,0.8934426229508197,0.8667992047713717,244
eng.pdtb.gum,pdtb,eng,alternation,XLMR finetune + TSV feat,1.0,1.0,1.0,27
eng.pdtb.gum,pdtb,eng,causal,XLMR finetune + TSV feat,0.9958333333333333,1.0,0.9979123173277662,239
eng.pdtb.gum,pdtb,eng,concession,XLMR finetune + TSV feat,1.0,1.0,1.0,100
eng.pdtb.gum,pdtb,eng,condition,XLMR finetune + TSV feat,1.0,1.0,1.0,78
eng.pdtb.gum,pdtb,eng,conjunction,XLMR finetune + TSV feat,1.0,1.0,1.0,471
eng.pdtb.gum,pdtb,eng,contrast,XLMR finetune + TSV feat,1.0,1.0,1.0,105
eng.pdtb.gum,pdtb,eng,elaboration,XLMR finetune + TSV feat,1.0,1.0,1.0,199
eng.pdtb.gum,pdtb,eng,explanation,XLMR finetune + TSV feat,0.0,0.0,0.0,1
eng.pdtb.gum,pdtb,eng,mode,XLMR finetune + TSV feat,1.0,1.0,1.0,61
eng.pdtb.gum,pdtb,eng,purpose,XLMR finetune + TSV feat,1.0,1.0,1.0,88
eng.pdtb.gum,pdtb,eng,query,XLMR finetune + TSV feat,1.0,1.0,1.0,51
eng.pdtb.gum,pdtb,eng,reformulation,XLMR finetune + TSV feat,1.0,1.0,1.0,12
eng.pdtb.gum,pdtb,eng,temporal,XLMR finetune + TSV feat,1.0,1.0,1.0,244
eng.rst.sts,rst,eng,alternation,Qwen3 finetune,0.25,0.5,0.3333333333333333,2
eng.rst.sts,rst,eng,attribution,Qwen3 finetune,0.25,0.5,0.3333333333333333,2
eng.rst.sts,rst,eng,causal,Qwen3 finetune,0.3333333333333333,0.47619047619047616,0.39215686274509803,21
eng.rst.sts,rst,eng,comment,Qwen3 finetune,0.25,0.1,0.14285714285714285,10
eng.rst.sts,rst,eng,concession,Qwen3 finetune,0.5,0.896551724137931,0.6419753086419753,29
eng.rst.sts,rst,eng,condition,Qwen3 finetune,0.5,0.75,0.6,8
eng.rst.sts,rst,eng,conjunction,Qwen3 finetune,0.1896551724137931,0.4583333333333333,0.2682926829268293,24
eng.rst.sts,rst,eng,contrast,Qwen3 finetune,0.14285714285714285,0.06896551724137931,0.09302325581395349,29
eng.rst.sts,rst,eng,elaboration,Qwen3 finetune,0.42342342342342343,0.46078431372549017,0.4413145539906103,102
eng.rst.sts,rst,eng,explanation,Qwen3 finetune,0.36363636363636365,0.16,0.2222222222222222,25
eng.rst.sts,rst,eng,frame,Qwen3 finetune,0.125,0.029411764705882353,0.047619047619047616,34
eng.rst.sts,rst,eng,mode,Qwen3 finetune,0.0,0.0,0.0,3
eng.rst.sts,rst,eng,organization,Qwen3 finetune,0.5,0.13333333333333333,0.21052631578947367,15
eng.rst.sts,rst,eng,purpose,Qwen3 finetune,0.0,0.0,0.0,5
eng.rst.sts,rst,eng,query,Qwen3 finetune,0.1111111111111111,0.16666666666666666,0.13333333333333333,6
eng.rst.sts,rst,eng,reformulation,Qwen3 finetune,0.0,0.0,0.0,1
eng.rst.sts,rst,eng,temporal,Qwen3 finetune,0.0,0.0,0.0,12
eng.rst.sts,rst,eng,alternation,XLMR finetune,0.25,0.5,0.3333333333333333,2
eng.rst.sts,rst,eng,attribution,XLMR finetune,0.3333333333333333,0.5,0.4,2
eng.rst.sts,rst,eng,causal,XLMR finetune,0.44,0.5238095238095238,0.4782608695652174,21
eng.rst.sts,rst,eng,comment,XLMR finetune,0.25,0.2,0.2222222222222222,10
eng.rst.sts,rst,eng,concession,XLMR finetune,0.45098039215686275,0.7931034482758621,0.575,29
eng.rst.sts,rst,eng,condition,XLMR finetune,0.375,0.75,0.5,8
eng.rst.sts,rst,eng,conjunction,XLMR finetune,0.34285714285714286,0.5,0.4067796610169492,24
eng.rst.sts,rst,eng,contrast,XLMR finetune,0.4,0.27586206896551724,0.32653061224489793,29
eng.rst.sts,rst,eng,elaboration,XLMR finetune,0.4819277108433735,0.39215686274509803,0.43243243243243246,102
eng.rst.sts,rst,eng,explanation,XLMR finetune,0.12,0.12,0.12,25
eng.rst.sts,rst,eng,frame,XLMR finetune,0.1875,0.08823529411764706,0.12,34
eng.rst.sts,rst,eng,mode,XLMR finetune,0.0,0.0,0.0,3
eng.rst.sts,rst,eng,organization,XLMR finetune,0.35294117647058826,0.4,0.375,15
eng.rst.sts,rst,eng,purpose,XLMR finetune,0.6666666666666666,0.4,0.5,5
eng.rst.sts,rst,eng,query,XLMR finetune,0.23076923076923078,0.5,0.3157894736842105,6
eng.rst.sts,rst,eng,reformulation,XLMR finetune,0.0,0.0,0.0,1
eng.rst.sts,rst,eng,temporal,XLMR finetune,0.5,0.25,0.3333333333333333,12
eng.rst.sts,rst,eng,alternation,XLMR framework,0.2,0.5,0.2857142857142857,2
eng.rst.sts,rst,eng,attribution,XLMR framework,0.6666666666666666,1.0,0.8,2
eng.rst.sts,rst,eng,causal,XLMR framework,0.4482758620689655,0.6190476190476191,0.52,21
eng.rst.sts,rst,eng,comment,XLMR framework,0.25,0.2,0.2222222222222222,10
eng.rst.sts,rst,eng,concession,XLMR framework,0.5227272727272727,0.7931034482758621,0.6301369863013698,29
eng.rst.sts,rst,eng,condition,XLMR framework,0.375,0.75,0.5,8
eng.rst.sts,rst,eng,conjunction,XLMR framework,0.2972972972972973,0.4583333333333333,0.36065573770491804,24
eng.rst.sts,rst,eng,contrast,XLMR framework,0.43478260869565216,0.3448275862068966,0.38461538461538464,29
eng.rst.sts,rst,eng,elaboration,XLMR framework,0.5252525252525253,0.5098039215686274,0.5174129353233831,102
eng.rst.sts,rst,eng,explanation,XLMR framework,0.14814814814814814,0.16,0.15384615384615385,25
eng.rst.sts,rst,eng,frame,XLMR framework,0.3333333333333333,0.029411764705882353,0.05405405405405406,34
eng.rst.sts,rst,eng,mode,XLMR framework,0.0,0.0,0.0,3
eng.rst.sts,rst,eng,organization,XLMR framework,0.42857142857142855,0.4,0.41379310344827586,15
eng.rst.sts,rst,eng,purpose,XLMR framework,0.6666666666666666,0.4,0.5,5
eng.rst.sts,rst,eng,query,XLMR framework,0.4,0.6666666666666666,0.5,6
eng.rst.sts,rst,eng,reformulation,XLMR framework,0.0,0.0,0.0,1
eng.rst.sts,rst,eng,temporal,XLMR framework,0.6666666666666666,0.16666666666666666,0.26666666666666666,12
eng.rst.sts,rst,eng,alternation,XLMR frozen linear,0.0,0.0,0.0,2
eng.rst.sts,rst,eng,attribution,XLMR frozen linear,0.0,0.0,0.0,2
eng.rst.sts,rst,eng,causal,XLMR frozen linear,0.15384615384615385,0.09523809523809523,0.11764705882352941,21
eng.rst.sts,rst,eng,comment,XLMR frozen linear,0.0,0.0,0.0,10
eng.rst.sts,rst,eng,concession,XLMR frozen linear,0.3333333333333333,0.10344827586206896,0.15789473684210525,29
eng.rst.sts,rst,eng,condition,XLMR frozen linear,0.5,0.125,0.2,8
eng.rst.sts,rst,eng,conjunction,XLMR frozen linear,0.10810810810810811,0.16666666666666666,0.13114754098360656,24
eng.rst.sts,rst,eng,contrast,XLMR frozen linear,0.0,0.0,0.0,29
eng.rst.sts,rst,eng,elaboration,XLMR frozen linear,0.3244274809160305,0.8333333333333334,0.46703296703296704,102
eng.rst.sts,rst,eng,explanation,XLMR frozen linear,0.0,0.0,0.0,25
eng.rst.sts,rst,eng,frame,XLMR frozen linear,0.0,0.0,0.0,34
eng.rst.sts,rst,eng,mode,XLMR frozen linear,0.0,0.0,0.0,3
eng.rst.sts,rst,eng,organization,XLMR frozen linear,0.0,0.0,0.0,15
eng.rst.sts,rst,eng,purpose,XLMR frozen linear,0.0,0.0,0.0,5
eng.rst.sts,rst,eng,query,XLMR frozen linear,0.0,0.0,0.0,6
eng.rst.sts,rst,eng,reformulation,XLMR frozen linear,0.0,0.0,0.0,1
eng.rst.sts,rst,eng,temporal,XLMR frozen linear,0.0,0.0,0.0,12
eng.rst.sts,rst,eng,alternation,XLMR frozen + TSV feat,0.0,0.0,0.0,2
eng.rst.sts,rst,eng,attribution,XLMR frozen + TSV feat,0.0,0.0,0.0,2
eng.rst.sts,rst,eng,causal,XLMR frozen + TSV feat,0.2727272727272727,0.42857142857142855,0.3333333333333333,21
eng.rst.sts,rst,eng,comment,XLMR frozen + TSV feat,0.25,0.3,0.2727272727272727,10
eng.rst.sts,rst,eng,concession,XLMR frozen + TSV feat,0.3333333333333333,0.034482758620689655,0.0625,29
eng.rst.sts,rst,eng,condition,XLMR frozen + TSV feat,0.0,0.0,0.0,8
eng.rst.sts,rst,eng,conjunction,XLMR frozen + TSV feat,0.19047619047619047,0.5,0.27586206896551724,24
eng.rst.sts,rst,eng,contrast,XLMR frozen + TSV feat,0.30434782608695654,0.2413793103448276,0.2692307692307692,29
eng.rst.sts,rst,eng,elaboration,XLMR frozen + TSV feat,0.6263736263736264,0.5588235294117647,0.5906735751295337,102
eng.rst.sts,rst,eng,explanation,XLMR frozen + TSV feat,0.13513513513513514,0.4,0.20202020202020202,25
eng.rst.sts,rst,eng,frame,XLMR frozen + TSV feat,0.8,0.23529411764705882,0.36363636363636365,34
eng.rst.sts,rst,eng,mode,XLMR frozen + TSV feat,0.0,0.0,0.0,3
eng.rst.sts,rst,eng,organization,XLMR frozen + TSV feat,0.0,0.0,0.0,15
eng.rst.sts,rst,eng,purpose,XLMR frozen + TSV feat,0.0,0.0,0.0,5
eng.rst.sts,rst,eng,query,XLMR frozen + TSV feat,0.13333333333333333,0.3333333333333333,0.19047619047619047,6
eng.rst.sts,rst,eng,reformulation,XLMR frozen + TSV feat,0.0,0.0,0.0,1
eng.rst.sts,rst,eng,temporal,XLMR frozen + TSV feat,0.0,0.0,0.0,12
eng.rst.sts,rst,eng,alternation,XLMR finetune + TSV feat,1.0,1.0,1.0,2
eng.rst.sts,rst,eng,attribution,XLMR finetune + TSV feat,1.0,1.0,1.0,2
eng.rst.sts,rst,eng,causal,XLMR finetune + TSV feat,1.0,1.0,1.0,21
eng.rst.sts,rst,eng,comment,XLMR finetune + TSV feat,1.0,1.0,1.0,10
eng.rst.sts,rst,eng,concession,XLMR finetune + TSV feat,1.0,1.0,1.0,29
eng.rst.sts,rst,eng,condition,XLMR finetune + TSV feat,1.0,1.0,1.0,8
eng.rst.sts,rst,eng,conjunction,XLMR finetune + TSV feat,1.0,1.0,1.0,24
eng.rst.sts,rst,eng,contrast,XLMR finetune + TSV feat,1.0,1.0,1.0,29
eng.rst.sts,rst,eng,elaboration,XLMR finetune + TSV feat,1.0,1.0,1.0,102
eng.rst.sts,rst,eng,explanation,XLMR finetune + TSV feat,1.0,1.0,1.0,25
eng.rst.sts,rst,eng,frame,XLMR finetune + TSV feat,1.0,1.0,1.0,34
eng.rst.sts,rst,eng,mode,XLMR finetune + TSV feat,1.0,1.0,1.0,3
eng.rst.sts,rst,eng,organization,XLMR finetune + TSV feat,1.0,1.0,1.0,15
eng.rst.sts,rst,eng,purpose,XLMR finetune + TSV feat,1.0,1.0,1.0,5
eng.rst.sts,rst,eng,query,XLMR finetune + TSV feat,1.0,1.0,1.0,6
eng.rst.sts,rst,eng,reformulation,XLMR finetune + TSV feat,1.0,1.0,1.0,1
eng.rst.sts,rst,eng,temporal,XLMR finetune + TSV feat,1.0,1.0,1.0,12
eng.sdrt.stac,sdrt,eng,alternation,Qwen3 finetune,0.9285714285714286,0.6842105263157895,0.7878787878787878,19
eng.sdrt.stac,sdrt,eng,attribution,Qwen3 finetune,0.0,0.0,0.0,0
eng.sdrt.stac,sdrt,eng,causal,Qwen3 finetune,0.3333333333333333,0.06896551724137931,0.11428571428571428,29
eng.sdrt.stac,sdrt,eng,comment,Qwen3 finetune,0.3953488372093023,0.5414012738853503,0.45698924731182794,157
eng.sdrt.stac,sdrt,eng,condition,Qwen3 finetune,0.7,0.3888888888888889,0.5,18
eng.sdrt.stac,sdrt,eng,conjunction,Qwen3 finetune,0.35714285714285715,0.3125,0.3333333333333333,128
eng.sdrt.stac,sdrt,eng,contrast,Qwen3 finetune,0.5106382978723404,0.36923076923076925,0.42857142857142855,65
eng.sdrt.stac,sdrt,eng,elaboration,Qwen3 finetune,0.3333333333333333,0.22772277227722773,0.27058823529411763,101
eng.sdrt.stac,sdrt,eng,explanation,Qwen3 finetune,0.2,0.03225806451612903,0.05555555555555555,31
eng.sdrt.stac,sdrt,eng,frame,Qwen3 finetune,0.0,0.0,0.0,1
eng.sdrt.stac,sdrt,eng,organization,Qwen3 finetune,0.0,0.0,0.0,0
eng.sdrt.stac,sdrt,eng,purpose,Qwen3 finetune,0.0,0.0,0.0,0
eng.sdrt.stac,sdrt,eng,query,Qwen3 finetune,0.6987179487179487,0.7898550724637681,0.7414965986394558,552
eng.sdrt.stac,sdrt,eng,reformulation,Qwen3 finetune,0.0,0.0,0.0,0
eng.sdrt.stac,sdrt,eng,temporal,Qwen3 finetune,0.2857142857142857,0.15384615384615385,0.2,13
eng.sdrt.stac,sdrt,eng,alternation,XLMR finetune,1.0,0.7894736842105263,0.8823529411764706,19
eng.sdrt.stac,sdrt,eng,causal,XLMR finetune,0.4782608695652174,0.3793103448275862,0.4230769230769231,29
eng.sdrt.stac,sdrt,eng,comment,XLMR finetune,0.6309523809523809,0.6751592356687898,0.6523076923076923,157
eng.sdrt.stac,sdrt,eng,condition,XLMR finetune,0.6842105263157895,0.7222222222222222,0.7027027027027027,18
eng.sdrt.stac,sdrt,eng,conjunction,XLMR finetune,0.5,0.3515625,0.41284403669724773,128
eng.sdrt.stac,sdrt,eng,contrast,XLMR finetune,0.5535714285714286,0.47692307692307695,0.512396694214876,65
eng.sdrt.stac,sdrt,eng,elaboration,XLMR finetune,0.5047619047619047,0.5247524752475248,0.5145631067961165,101
eng.sdrt.stac,sdrt,eng,explanation,XLMR finetune,0.41935483870967744,0.41935483870967744,0.41935483870967744,31
eng.sdrt.stac,sdrt,eng,frame,XLMR finetune,0.0,0.0,0.0,1
eng.sdrt.stac,sdrt,eng,mode,XLMR finetune,0.0,0.0,0.0,0
eng.sdrt.stac,sdrt,eng,purpose,XLMR finetune,0.0,0.0,0.0,0
eng.sdrt.stac,sdrt,eng,query,XLMR finetune,0.8056951423785594,0.8713768115942029,0.8372497824194952,552
eng.sdrt.stac,sdrt,eng,reformulation,XLMR finetune,0.0,0.0,0.0,0
eng.sdrt.stac,sdrt,eng,temporal,XLMR finetune,0.3333333333333333,0.07692307692307693,0.125,13
eng.sdrt.stac,sdrt,eng,alternation,XLMR framework,1.0,0.7894736842105263,0.8823529411764706,19
eng.sdrt.stac,sdrt,eng,causal,XLMR framework,0.46153846153846156,0.20689655172413793,0.2857142857142857,29
eng.sdrt.stac,sdrt,eng,comment,XLMR framework,0.5163934426229508,0.802547770700637,0.628428927680798,157
eng.sdrt.stac,sdrt,eng,condition,XLMR framework,0.625,0.5555555555555556,0.5882352941176471,18
eng.sdrt.stac,sdrt,eng,conjunction,XLMR framework,0.6119402985074627,0.3203125,0.4205128205128205,128
eng.sdrt.stac,sdrt,eng,contrast,XLMR framework,0.6486486486486487,0.36923076923076925,0.47058823529411764,65
eng.sdrt.stac,sdrt,eng,elaboration,XLMR framework,0.4954954954954955,0.5445544554455446,0.5188679245283019,101
eng.sdrt.stac,sdrt,eng,explanation,XLMR framework,0.34285714285714286,0.3870967741935484,0.36363636363636365,31
eng.sdrt.stac,sdrt,eng,frame,XLMR framework,0.0,0.0,0.0,1
eng.sdrt.stac,sdrt,eng,purpose,XLMR framework,0.0,0.0,0.0,0
eng.sdrt.stac,sdrt,eng,query,XLMR framework,0.8199300699300699,0.8496376811594203,0.8345195729537367,552
eng.sdrt.stac,sdrt,eng,temporal,XLMR framework,0.5,0.07692307692307693,0.13333333333333333,13
eng.sdrt.stac,sdrt,eng,alternation,XLMR frozen linear,0.0,0.0,0.0,19
eng.sdrt.stac,sdrt,eng,attribution,XLMR frozen linear,0.0,0.0,0.0,0
eng.sdrt.stac,sdrt,eng,causal,XLMR frozen linear,0.0,0.0,0.0,29
eng.sdrt.stac,sdrt,eng,comment,XLMR frozen linear,0.5071428571428571,0.45222929936305734,0.4781144781144781,157
eng.sdrt.stac,sdrt,eng,condition,XLMR frozen linear,0.0,0.0,0.0,18
eng.sdrt.stac,sdrt,eng,conjunction,XLMR frozen linear,0.30952380952380953,0.1015625,0.15294117647058825,128
eng.sdrt.stac,sdrt,eng,contrast,XLMR frozen linear,0.0,0.0,0.0,65
eng.sdrt.stac,sdrt,eng,elaboration,XLMR frozen linear,0.12,0.0297029702970297,0.047619047619047616,101
eng.sdrt.stac,sdrt,eng,explanation,XLMR frozen linear,0.0,0.0,0.0,31
eng.sdrt.stac,sdrt,eng,frame,XLMR frozen linear,0.0,0.0,0.0,1
eng.sdrt.stac,sdrt,eng,query,XLMR frozen linear,0.5542035398230089,0.907608695652174,0.6881868131868132,552
eng.sdrt.stac,sdrt,eng,temporal,XLMR frozen linear,0.0,0.0,0.0,13
eng.sdrt.stac,sdrt,eng,alternation,XLMR frozen + TSV feat,0.0,0.0,0.0,19
eng.sdrt.stac,sdrt,eng,causal,XLMR frozen + TSV feat,0.5263157894736842,0.3448275862068966,0.4166666666666667,29
eng.sdrt.stac,sdrt,eng,comment,XLMR frozen + TSV feat,0.6778846153846154,0.8980891719745223,0.7726027397260274,157
eng.sdrt.stac,sdrt,eng,concession,XLMR frozen + TSV feat,0.0,0.0,0.0,0
eng.sdrt.stac,sdrt,eng,condition,XLMR frozen + TSV feat,0.0,0.0,0.0,18
eng.sdrt.stac,sdrt,eng,conjunction,XLMR frozen + TSV feat,0.5565217391304348,0.5,0.5267489711934157,128
eng.sdrt.stac,sdrt,eng,contrast,XLMR frozen + TSV feat,0.8928571428571429,0.38461538461538464,0.5376344086021505,65
eng.sdrt.stac,sdrt,eng,elaboration,XLMR frozen + TSV feat,0.9411764705882353,0.6336633663366337,0.757396449704142,101
eng.sdrt.stac,sdrt,eng,explanation,XLMR frozen + TSV feat,0.9583333333333334,0.7419354838709677,0.8363636363636363,31
eng.sdrt.stac,sdrt,eng,frame,XLMR frozen + TSV feat,0.0,0.0,0.0,1
eng.sdrt.stac,sdrt,eng,query,XLMR frozen + TSV feat,0.827426810477658,0.9728260869565217,0.8942547876769359,552
eng.sdrt.stac,sdrt,eng,temporal,XLMR frozen + TSV feat,1.0,0.15384615384615385,0.26666666666666666,13
eng.sdrt.stac,sdrt,eng,alternation,XLMR finetune + TSV feat,1.0,1.0,1.0,19
eng.sdrt.stac,sdrt,eng,causal,XLMR finetune + TSV feat,1.0,1.0,1.0,29
eng.sdrt.stac,sdrt,eng,comment,XLMR finetune + TSV feat,1.0,1.0,1.0,157
eng.sdrt.stac,sdrt,eng,condition,XLMR finetune + TSV feat,1.0,1.0,1.0,18
eng.sdrt.stac,sdrt,eng,conjunction,XLMR finetune + TSV feat,1.0,1.0,1.0,128
eng.sdrt.stac,sdrt,eng,contrast,XLMR finetune + TSV feat,1.0,1.0,1.0,65
eng.sdrt.stac,sdrt,eng,elaboration,XLMR finetune + TSV feat,1.0,1.0,1.0,101
eng.sdrt.stac,sdrt,eng,explanation,XLMR finetune + TSV feat,1.0,1.0,1.0,31
eng.sdrt.stac,sdrt,eng,frame,XLMR finetune + TSV feat,1.0,1.0,1.0,1
eng.sdrt.stac,sdrt,eng,query,XLMR finetune + TSV feat,1.0,1.0,1.0,552
eng.sdrt.stac,sdrt,eng,temporal,XLMR finetune + TSV feat,1.0,1.0,1.0,13
fas.rst.prstc,rst,fas,attribution,Qwen3 finetune,0.5517241379310345,0.41025641025641024,0.47058823529411764,39
fas.rst.prstc,rst,fas,causal,Qwen3 finetune,0.08333333333333333,0.05714285714285714,0.06779661016949153,35
fas.rst.prstc,rst,fas,comment,Qwen3 finetune,0.26666666666666666,0.3333333333333333,0.2962962962962963,36
fas.rst.prstc,rst,fas,concession,Qwen3 finetune,0.0,0.0,0.0,5
fas.rst.prstc,rst,fas,condition,Qwen3 finetune,1.0,0.6,0.75,15
fas.rst.prstc,rst,fas,conjunction,Qwen3 finetune,0.425531914893617,0.64,0.5111821086261981,125
fas.rst.prstc,rst,fas,contrast,Qwen3 finetune,0.40384615384615385,0.3888888888888889,0.39622641509433965,54
fas.rst.prstc,rst,fas,elaboration,Qwen3 finetune,0.45794392523364486,0.6405228758169934,0.5340599455040872,153
fas.rst.prstc,rst,fas,explanation,Qwen3 finetune,0.15,0.06666666666666667,0.09230769230769231,45
fas.rst.prstc,rst,fas,frame,Qwen3 finetune,0.25,0.03225806451612903,0.05714285714285714,31
fas.rst.prstc,rst,fas,mode,Qwen3 finetune,0.0,0.0,0.0,7
fas.rst.prstc,rst,fas,organization,Qwen3 finetune,0.0,0.0,0.0,16
fas.rst.prstc,rst,fas,purpose,Qwen3 finetune,0.6666666666666666,0.36363636363636365,0.47058823529411764,11
fas.rst.prstc,rst,fas,temporal,Qwen3 finetune,0.0,0.0,0.0,20
fas.rst.prstc,rst,fas,attribution,XLMR finetune,0.7297297297297297,0.6923076923076923,0.7105263157894737,39
fas.rst.prstc,rst,fas,causal,XLMR finetune,0.3409090909090909,0.42857142857142855,0.379746835443038,35
fas.rst.prstc,rst,fas,comment,XLMR finetune,0.24615384615384617,0.4444444444444444,0.31683168316831684,36
fas.rst.prstc,rst,fas,concession,XLMR finetune,0.0,0.0,0.0,5
fas.rst.prstc,rst,fas,condition,XLMR finetune,0.7222222222222222,0.8666666666666667,0.7878787878787878,15
fas.rst.prstc,rst,fas,conjunction,XLMR finetune,0.625,0.64,0.6324110671936759,125
fas.rst.prstc,rst,fas,contrast,XLMR finetune,0.5384615384615384,0.5185185185185185,0.5283018867924528,54
fas.rst.prstc,rst,fas,elaboration,XLMR finetune,0.6477987421383647,0.673202614379085,0.6602564102564102,153
fas.rst.prstc,rst,fas,explanation,XLMR finetune,0.3488372093023256,0.3333333333333333,0.3409090909090909,45
fas.rst.prstc,rst,fas,frame,XLMR finetune,0.13333333333333333,0.06451612903225806,0.08695652173913043,31
fas.rst.prstc,rst,fas,mode,XLMR finetune,0.8,0.5714285714285714,0.6666666666666666,7
fas.rst.prstc,rst,fas,organization,XLMR finetune,0.0,0.0,0.0,16
fas.rst.prstc,rst,fas,purpose,XLMR finetune,0.8181818181818182,0.8181818181818182,0.8181818181818182,11
fas.rst.prstc,rst,fas,temporal,XLMR finetune,0.3,0.15,0.2,20
fas.rst.prstc,rst,fas,alternation,XLMR framework,0.0,0.0,0.0,0
fas.rst.prstc,rst,fas,attribution,XLMR framework,0.6923076923076923,0.6923076923076923,0.6923076923076923,39
fas.rst.prstc,rst,fas,causal,XLMR framework,0.36363636363636365,0.34285714285714286,0.35294117647058826,35
fas.rst.prstc,rst,fas,comment,XLMR framework,0.28888888888888886,0.3611111111111111,0.32098765432098764,36
fas.rst.prstc,rst,fas,concession,XLMR framework,0.0,0.0,0.0,5
fas.rst.prstc,rst,fas,condition,XLMR framework,0.6875,0.7333333333333333,0.7096774193548387,15
fas.rst.prstc,rst,fas,conjunction,XLMR framework,0.5862068965517241,0.68,0.6296296296296297,125
fas.rst.prstc,rst,fas,contrast,XLMR framework,0.5306122448979592,0.48148148148148145,0.5048543689320388,54
fas.rst.prstc,rst,fas,elaboration,XLMR framework,0.6264367816091954,0.7124183006535948,0.6666666666666666,153
fas.rst.prstc,rst,fas,explanation,XLMR framework,0.32142857142857145,0.4,0.3564356435643564,45
fas.rst.prstc,rst,fas,frame,XLMR framework,0.16666666666666666,0.03225806451612903,0.05405405405405406,31
fas.rst.prstc,rst,fas,mode,XLMR framework,1.0,0.5714285714285714,0.7272727272727273,7
fas.rst.prstc,rst,fas,organization,XLMR framework,0.0,0.0,0.0,16
fas.rst.prstc,rst,fas,purpose,XLMR framework,0.7692307692307693,0.9090909090909091,0.8333333333333334,11
fas.rst.prstc,rst,fas,temporal,XLMR framework,0.375,0.15,0.21428571428571427,20
fas.rst.prstc,rst,fas,attribution,XLMR frozen linear,0.0,0.0,0.0,39
fas.rst.prstc,rst,fas,causal,XLMR frozen linear,0.0,0.0,0.0,35
fas.rst.prstc,rst,fas,comment,XLMR frozen linear,0.0,0.0,0.0,36
fas.rst.prstc,rst,fas,concession,XLMR frozen linear,0.0,0.0,0.0,5
fas.rst.prstc,rst,fas,condition,XLMR frozen linear,0.3333333333333333,0.06666666666666667,0.1111111111111111,15
fas.rst.prstc,rst,fas,conjunction,XLMR frozen linear,0.2523076923076923,0.656,0.36444444444444446,125
fas.rst.prstc,rst,fas,contrast,XLMR frozen linear,0.0,0.0,0.0,54
fas.rst.prstc,rst,fas,elaboration,XLMR frozen linear,0.3464566929133858,0.5751633986928104,0.43243243243243246,153
fas.rst.prstc,rst,fas,explanation,XLMR frozen linear,0.0,0.0,0.0,45
fas.rst.prstc,rst,fas,frame,XLMR frozen linear,0.0,0.0,0.0,31
fas.rst.prstc,rst,fas,mode,XLMR frozen linear,0.0,0.0,0.0,7
fas.rst.prstc,rst,fas,organization,XLMR frozen linear,0.0,0.0,0.0,16
fas.rst.prstc,rst,fas,purpose,XLMR frozen linear,0.0,0.0,0.0,11
fas.rst.prstc,rst,fas,temporal,XLMR frozen linear,0.0,0.0,0.0,20
fas.rst.prstc,rst,fas,attribution,XLMR frozen + TSV feat,1.0,0.2564102564102564,0.40816326530612246,39
fas.rst.prstc,rst,fas,causal,XLMR frozen + TSV feat,0.2916666666666667,0.2,0.23728813559322035,35
fas.rst.prstc,rst,fas,comment,XLMR frozen + TSV feat,0.22727272727272727,0.1388888888888889,0.1724137931034483,36
fas.rst.prstc,rst,fas,concession,XLMR frozen + TSV feat,0.0,0.0,0.0,5
fas.rst.prstc,rst,fas,condition,XLMR frozen + TSV feat,0.0,0.0,0.0,15
fas.rst.prstc,rst,fas,conjunction,XLMR frozen + TSV feat,0.26520681265206814,0.872,0.40671641791044777,125
fas.rst.prstc,rst,fas,contrast,XLMR frozen + TSV feat,0.0,0.0,0.0,54
fas.rst.prstc,rst,fas,elaboration,XLMR frozen + TSV feat,0.27586206896551724,0.20915032679738563,0.2379182156133829,153
fas.rst.prstc,rst,fas,explanation,XLMR frozen + TSV feat,0.0,0.0,0.0,45
fas.rst.prstc,rst,fas,frame,XLMR frozen + TSV feat,0.5,0.03225806451612903,0.06060606060606061,31
fas.rst.prstc,rst,fas,mode,XLMR frozen + TSV feat,0.0,0.0,0.0,7
fas.rst.prstc,rst,fas,organization,XLMR frozen + TSV feat,0.0,0.0,0.0,16
fas.rst.prstc,rst,fas,purpose,XLMR frozen + TSV feat,0.0,0.0,0.0,11
fas.rst.prstc,rst,fas,temporal,XLMR frozen + TSV feat,0.0,0.0,0.0,20
fas.rst.prstc,rst,fas,attribution,XLMR finetune + TSV feat,1.0,1.0,1.0,39
fas.rst.prstc,rst,fas,causal,XLMR finetune + TSV feat,1.0,1.0,1.0,35
fas.rst.prstc,rst,fas,comment,XLMR finetune + TSV feat,1.0,1.0,1.0,36
fas.rst.prstc,rst,fas,concession,XLMR finetune + TSV feat,1.0,1.0,1.0,5
fas.rst.prstc,rst,fas,condition,XLMR finetune + TSV feat,1.0,1.0,1.0,15
fas.rst.prstc,rst,fas,conjunction,XLMR finetune + TSV feat,1.0,1.0,1.0,125
fas.rst.prstc,rst,fas,contrast,XLMR finetune + TSV feat,1.0,1.0,1.0,54
fas.rst.prstc,rst,fas,elaboration,XLMR finetune + TSV feat,1.0,1.0,1.0,153
fas.rst.prstc,rst,fas,explanation,XLMR finetune + TSV feat,1.0,1.0,1.0,45
fas.rst.prstc,rst,fas,frame,XLMR finetune + TSV feat,1.0,1.0,1.0,31
fas.rst.prstc,rst,fas,mode,XLMR finetune + TSV feat,1.0,1.0,1.0,7
fas.rst.prstc,rst,fas,organization,XLMR finetune + TSV feat,1.0,1.0,1.0,16
fas.rst.prstc,rst,fas,purpose,XLMR finetune + TSV feat,1.0,1.0,1.0,11
fas.rst.prstc,rst,fas,temporal,XLMR finetune + TSV feat,1.0,1.0,1.0,20
fra.sdrt.annodis,sdrt,fra,alternation,Qwen3 finetune,0.0,0.0,0.0,5
fra.sdrt.annodis,sdrt,fra,attribution,Qwen3 finetune,0.4,0.2857142857142857,0.3333333333333333,14
fra.sdrt.annodis,sdrt,fra,causal,Qwen3 finetune,0.2727272727272727,0.09375,0.13953488372093023,32
fra.sdrt.annodis,sdrt,fra,comment,Qwen3 finetune,0.0,0.0,0.0,13
fra.sdrt.annodis,sdrt,fra,concession,Qwen3 finetune,0.0,0.0,0.0,0
fra.sdrt.annodis,sdrt,fra,condition,Qwen3 finetune,0.6,0.5,0.5454545454545454,6
fra.sdrt.annodis,sdrt,fra,conjunction,Qwen3 finetune,0.3464052287581699,0.4274193548387097,0.38267148014440433,124
fra.sdrt.annodis,sdrt,fra,contrast,Qwen3 finetune,0.625,0.1724137931034483,0.2702702702702703,29
fra.sdrt.annodis,sdrt,fra,elaboration,Qwen3 finetune,0.46099290780141844,0.7065217391304348,0.5579399141630901,184
fra.sdrt.annodis,sdrt,fra,explanation,Qwen3 finetune,0.3333333333333333,0.03333333333333333,0.06060606060606061,30
fra.sdrt.annodis,sdrt,fra,frame,Qwen3 finetune,0.28125,0.1,0.14754098360655737,90
fra.sdrt.annodis,sdrt,fra,mode,Qwen3 finetune,0.0,0.0,0.0,0
fra.sdrt.annodis,sdrt,fra,organization,Qwen3 finetune,0.0,0.0,0.0,0
fra.sdrt.annodis,sdrt,fra,purpose,Qwen3 finetune,0.75,0.6,0.6666666666666666,20
fra.sdrt.annodis,sdrt,fra,query,Qwen3 finetune,0.0,0.0,0.0,0
fra.sdrt.annodis,sdrt,fra,temporal,Qwen3 finetune,0.3068181818181818,0.36486486486486486,0.3333333333333333,74
fra.sdrt.annodis,sdrt,fra,alternation,XLMR finetune,1.0,0.6,0.75,5
fra.sdrt.annodis,sdrt,fra,attribution,XLMR finetune,0.5714285714285714,0.5714285714285714,0.5714285714285714,14
fra.sdrt.annodis,sdrt,fra,causal,XLMR finetune,0.2857142857142857,0.25,0.26666666666666666,32
fra.sdrt.annodis,sdrt,fra,comment,XLMR finetune,0.3333333333333333,0.07692307692307693,0.125,13
fra.sdrt.annodis,sdrt,fra,concession,XLMR finetune,0.0,0.0,0.0,0
fra.sdrt.annodis,sdrt,fra,condition,XLMR finetune,0.8,0.6666666666666666,0.7272727272727273,6
fra.sdrt.annodis,sdrt,fra,conjunction,XLMR finetune,0.47107438016528924,0.4596774193548387,0.46530612244897956,124
fra.sdrt.annodis,sdrt,fra,contrast,XLMR finetune,0.52,0.4482758620689655,0.48148148148148145,29
fra.sdrt.annodis,sdrt,fra,elaboration,XLMR finetune,0.6017699115044248,0.7391304347826086,0.6634146341463415,184
fra.sdrt.annodis,sdrt,fra,explanation,XLMR finetune,0.0,0.0,0.0,30
fra.sdrt.annodis,sdrt,fra,frame,XLMR finetune,0.6981132075471698,0.4111111111111111,0.5174825174825175,90
fra.sdrt.annodis,sdrt,fra,mode,XLMR finetune,0.0,0.0,0.0,0
fra.sdrt.annodis,sdrt,fra,organization,XLMR finetune,0.0,0.0,0.0,0
fra.sdrt.annodis,sdrt,fra,purpose,XLMR finetune,0.8947368421052632,0.85,0.8717948717948718,20
fra.sdrt.annodis,sdrt,fra,query,XLMR finetune,0.0,0.0,0.0,0
fra.sdrt.annodis,sdrt,fra,reformulation,XLMR finetune,0.0,0.0,0.0,0
fra.sdrt.annodis,sdrt,fra,temporal,XLMR finetune,0.42105263157894735,0.5405405405405406,0.47337278106508873,74
fra.sdrt.annodis,sdrt,fra,alternation,XLMR framework,1.0,0.8,0.8888888888888888,5
fra.sdrt.annodis,sdrt,fra,attribution,XLMR framework,0.6153846153846154,0.5714285714285714,0.5925925925925926,14
fra.sdrt.annodis,sdrt,fra,causal,XLMR framework,0.24242424242424243,0.25,0.24615384615384617,32
fra.sdrt.annodis,sdrt,fra,comment,XLMR framework,0.3333333333333333,0.07692307692307693,0.125,13
fra.sdrt.annodis,sdrt,fra,condition,XLMR framework,0.8333333333333334,0.8333333333333334,0.8333333333333334,6
fra.sdrt.annodis,sdrt,fra,conjunction,XLMR framework,0.456,0.4596774193548387,0.4578313253012048,124
fra.sdrt.annodis,sdrt,fra,contrast,XLMR framework,0.5454545454545454,0.6206896551724138,0.5806451612903226,29
fra.sdrt.annodis,sdrt,fra,elaboration,XLMR framework,0.6339285714285714,0.7717391304347826,0.696078431372549,184
fra.sdrt.annodis,sdrt,fra,explanation,XLMR framework,0.1111111111111111,0.03333333333333333,0.05128205128205128,30
fra.sdrt.annodis,sdrt,fra,frame,XLMR framework,0.8461538461538461,0.36666666666666664,0.5116279069767442,90
fra.sdrt.annodis,sdrt,fra,purpose,XLMR framework,0.85,0.85,0.85,20
fra.sdrt.annodis,sdrt,fra,query,XLMR framework,0.0,0.0,0.0,0
fra.sdrt.annodis,sdrt,fra,temporal,XLMR framework,0.4090909090909091,0.6081081081081081,0.4891304347826087,74
fra.sdrt.annodis,sdrt,fra,alternation,XLMR frozen linear,0.0,0.0,0.0,5
fra.sdrt.annodis,sdrt,fra,attribution,XLMR frozen linear,0.0,0.0,0.0,14
fra.sdrt.annodis,sdrt,fra,causal,XLMR frozen linear,0.0,0.0,0.0,32
fra.sdrt.annodis,sdrt,fra,comment,XLMR frozen linear,0.0,0.0,0.0,13
fra.sdrt.annodis,sdrt,fra,condition,XLMR frozen linear,0.0,0.0,0.0,6
fra.sdrt.annodis,sdrt,fra,conjunction,XLMR frozen linear,0.2733333333333333,0.33064516129032256,0.29927007299270075,124
fra.sdrt.annodis,sdrt,fra,contrast,XLMR frozen linear,1.0,0.034482758620689655,0.06666666666666667,29
fra.sdrt.annodis,sdrt,fra,elaboration,XLMR frozen linear,0.363855421686747,0.8206521739130435,0.5041736227045075,184
fra.sdrt.annodis,sdrt,fra,explanation,XLMR frozen linear,0.0,0.0,0.0,30
fra.sdrt.annodis,sdrt,fra,frame,XLMR frozen linear,0.0,0.0,0.0,90
fra.sdrt.annodis,sdrt,fra,organization,XLMR frozen linear,0.0,0.0,0.0,0
fra.sdrt.annodis,sdrt,fra,purpose,XLMR frozen linear,0.0,0.0,0.0,20
fra.sdrt.annodis,sdrt,fra,query,XLMR frozen linear,0.0,0.0,0.0,0
fra.sdrt.annodis,sdrt,fra,reformulation,XLMR frozen linear,0.0,0.0,0.0,0
fra.sdrt.annodis,sdrt,fra,temporal,XLMR frozen linear,0.36,0.24324324324324326,0.2903225806451613,74
fra.sdrt.annodis,sdrt,fra,alternation,XLMR frozen + TSV feat,0.0,0.0,0.0,5
fra.sdrt.annodis,sdrt,fra,attribution,XLMR frozen + TSV feat,0.25,0.07142857142857142,0.1111111111111111,14
fra.sdrt.annodis,sdrt,fra,causal,XLMR frozen + TSV feat,0.5,0.0625,0.1111111111111111,32
fra.sdrt.annodis,sdrt,fra,comment,XLMR frozen + TSV feat,0.3333333333333333,0.15384615384615385,0.21052631578947367,13
fra.sdrt.annodis,sdrt,fra,condition,XLMR frozen + TSV feat,0.0,0.0,0.0,6
fra.sdrt.annodis,sdrt,fra,conjunction,XLMR frozen + TSV feat,0.25510204081632654,0.6048387096774194,0.3588516746411483,124
fra.sdrt.annodis,sdrt,fra,contrast,XLMR frozen + TSV feat,0.0,0.0,0.0,29
fra.sdrt.annodis,sdrt,fra,elaboration,XLMR frozen + TSV feat,0.6053811659192825,0.7336956521739131,0.6633906633906634,184
fra.sdrt.annodis,sdrt,fra,explanation,XLMR frozen + TSV feat,0.0,0.0,0.0,30
fra.sdrt.annodis,sdrt,fra,frame,XLMR frozen + TSV feat,1.0,0.03333333333333333,0.06451612903225806,90
fra.sdrt.annodis,sdrt,fra,purpose,XLMR frozen + TSV feat,0.0,0.0,0.0,20
fra.sdrt.annodis,sdrt,fra,query,XLMR frozen + TSV feat,0.0,0.0,0.0,0
fra.sdrt.annodis,sdrt,fra,temporal,XLMR frozen + TSV feat,0.3026315789473684,0.3108108108108108,0.30666666666666664,74
fra.sdrt.annodis,sdrt,fra,alternation,XLMR finetune + TSV feat,1.0,1.0,1.0,5
fra.sdrt.annodis,sdrt,fra,attribution,XLMR finetune + TSV feat,1.0,1.0,1.0,14
fra.sdrt.annodis,sdrt,fra,causal,XLMR finetune + TSV feat,1.0,1.0,1.0,32
fra.sdrt.annodis,sdrt,fra,comment,XLMR finetune + TSV feat,1.0,1.0,1.0,13
fra.sdrt.annodis,sdrt,fra,condition,XLMR finetune + TSV feat,1.0,1.0,1.0,6
fra.sdrt.annodis,sdrt,fra,conjunction,XLMR finetune + TSV feat,1.0,1.0,1.0,124
fra.sdrt.annodis,sdrt,fra,contrast,XLMR finetune + TSV feat,1.0,1.0,1.0,29
fra.sdrt.annodis,sdrt,fra,elaboration,XLMR finetune + TSV feat,1.0,1.0,1.0,184
fra.sdrt.annodis,sdrt,fra,explanation,XLMR finetune + TSV feat,1.0,1.0,1.0,30
fra.sdrt.annodis,sdrt,fra,frame,XLMR finetune + TSV feat,1.0,1.0,1.0,90
fra.sdrt.annodis,sdrt,fra,purpose,XLMR finetune + TSV feat,1.0,1.0,1.0,20
fra.sdrt.annodis,sdrt,fra,temporal,XLMR finetune + TSV feat,1.0,1.0,1.0,74
ita.pdtb.luna,pdtb,ita,alternation,Qwen3 finetune,0.0,0.0,0.0,7
ita.pdtb.luna,pdtb,ita,causal,Qwen3 finetune,0.48412698412698413,0.7176470588235294,0.5781990521327014,85
ita.pdtb.luna,pdtb,ita,comment,Qwen3 finetune,0.0,0.0,0.0,0
ita.pdtb.luna,pdtb,ita,concession,Qwen3 finetune,0.6428571428571429,0.28125,0.391304347826087,32
ita.pdtb.luna,pdtb,ita,condition,Qwen3 finetune,0.0,0.0,0.0,33
ita.pdtb.luna,pdtb,ita,conjunction,Qwen3 finetune,0.27058823529411763,0.3898305084745763,0.3194444444444444,59
ita.pdtb.luna,pdtb,ita,contrast,Qwen3 finetune,0.1,0.09090909090909091,0.09523809523809523,11
ita.pdtb.luna,pdtb,ita,elaboration,Qwen3 finetune,0.0,0.0,0.0,1
ita.pdtb.luna,pdtb,ita,frame,Qwen3 finetune,0.0,0.0,0.0,0
ita.pdtb.luna,pdtb,ita,organization,Qwen3 finetune,0.0,0.0,0.0,3
ita.pdtb.luna,pdtb,ita,purpose,Qwen3 finetune,1.0,0.038461538461538464,0.07407407407407407,26
ita.pdtb.luna,pdtb,ita,query,Qwen3 finetune,0.0,0.0,0.0,0
ita.pdtb.luna,pdtb,ita,reformulation,Qwen3 finetune,0.42424242424242425,0.21875,0.28865979381443296,64
ita.pdtb.luna,pdtb,ita,temporal,Qwen3 finetune,0.375,0.4528301886792453,0.41025641025641024,53
ita.pdtb.luna,pdtb,ita,alternation,XLMR finetune,1.0,0.5714285714285714,0.7272727272727273,7
ita.pdtb.luna,pdtb,ita,causal,XLMR finetune,0.7529411764705882,0.7529411764705882,0.7529411764705882,85
ita.pdtb.luna,pdtb,ita,concession,XLMR finetune,0.5476190476190477,0.71875,0.6216216216216216,32
ita.pdtb.luna,pdtb,ita,condition,XLMR finetune,0.7666666666666667,0.696969696969697,0.7301587301587301,33
ita.pdtb.luna,pdtb,ita,conjunction,XLMR finetune,0.6451612903225806,0.3389830508474576,0.4444444444444444,59
ita.pdtb.luna,pdtb,ita,contrast,XLMR finetune,0.0,0.0,0.0,11
ita.pdtb.luna,pdtb,ita,elaboration,XLMR finetune,0.0,0.0,0.0,1
ita.pdtb.luna,pdtb,ita,mode,XLMR finetune,0.0,0.0,0.0,0
ita.pdtb.luna,pdtb,ita,organization,XLMR finetune,0.0,0.0,0.0,3
ita.pdtb.luna,pdtb,ita,purpose,XLMR finetune,0.84,0.8076923076923077,0.8235294117647058,26
ita.pdtb.luna,pdtb,ita,reformulation,XLMR finetune,0.5584415584415584,0.671875,0.6099290780141844,64
ita.pdtb.luna,pdtb,ita,temporal,XLMR finetune,0.4931506849315068,0.6792452830188679,0.5714285714285714,53
ita.pdtb.luna,pdtb,ita,alternation,XLMR framework,1.0,0.42857142857142855,0.6,7
ita.pdtb.luna,pdtb,ita,causal,XLMR framework,0.7011494252873564,0.7176470588235294,0.7093023255813954,85
ita.pdtb.luna,pdtb,ita,concession,XLMR framework,0.5945945945945946,0.6875,0.6376811594202898,32
ita.pdtb.luna,pdtb,ita,condition,XLMR framework,0.7142857142857143,0.7575757575757576,0.7352941176470589,33
ita.pdtb.luna,pdtb,ita,conjunction,XLMR framework,0.7096774193548387,0.3728813559322034,0.4888888888888889,59
ita.pdtb.luna,pdtb,ita,contrast,XLMR framework,0.0,0.0,0.0,11
ita.pdtb.luna,pdtb,ita,elaboration,XLMR framework,0.0,0.0,0.0,1
ita.pdtb.luna,pdtb,ita,explanation,XLMR framework,0.0,0.0,0.0,0
ita.pdtb.luna,pdtb,ita,mode,XLMR framework,0.0,0.0,0.0,0
ita.pdtb.luna,pdtb,ita,organization,XLMR framework,0.0,0.0,0.0,3
ita.pdtb.luna,pdtb,ita,purpose,XLMR framework,0.8333333333333334,0.7692307692307693,0.8,26
ita.pdtb.luna,pdtb,ita,reformulation,XLMR framework,0.5432098765432098,0.6875,0.6068965517241379,64
ita.pdtb.luna,pdtb,ita,temporal,XLMR framework,0.5538461538461539,0.6792452830188679,0.6101694915254238,53
ita.pdtb.luna,pdtb,ita,alternation,XLMR frozen linear,0.0,0.0,0.0,7
ita.pdtb.luna,pdtb,ita,causal,XLMR frozen linear,0.3007518796992481,0.47058823529411764,0.3669724770642202,85
ita.pdtb.luna,pdtb,ita,comment,XLMR frozen linear,0.0,0.0,0.0,0
ita.pdtb.luna,pdtb,ita,concession,XLMR frozen linear,0.0,0.0,0.0,32
ita.pdtb.luna,pdtb,ita,condition,XLMR frozen linear,1.0,0.030303030303030304,0.058823529411764705,33
ita.pdtb.luna,pdtb,ita,conjunction,XLMR frozen linear,0.19753086419753085,0.2711864406779661,0.22857142857142856,59
ita.pdtb.luna,pdtb,ita,contrast,XLMR frozen linear,0.0,0.0,0.0,11
ita.pdtb.luna,pdtb,ita,elaboration,XLMR frozen linear,0.0,0.0,0.0,1
ita.pdtb.luna,pdtb,ita,organization,XLMR frozen linear,0.0,0.0,0.0,3
ita.pdtb.luna,pdtb,ita,purpose,XLMR frozen linear,0.0,0.0,0.0,26
ita.pdtb.luna,pdtb,ita,query,XLMR frozen linear,0.0,0.0,0.0,0
ita.pdtb.luna,pdtb,ita,reformulation,XLMR frozen linear,0.5714285714285714,0.125,0.20512820512820512,64
ita.pdtb.luna,pdtb,ita,temporal,XLMR frozen linear,0.21739130434782608,0.09433962264150944,0.13157894736842105,53
ita.pdtb.luna,pdtb,ita,alternation,XLMR frozen + TSV feat,0.0,0.0,0.0,7
ita.pdtb.luna,pdtb,ita,causal,XLMR frozen + TSV feat,0.397196261682243,1.0,0.568561872909699,85
ita.pdtb.luna,pdtb,ita,comment,XLMR frozen + TSV feat,0.0,0.0,0.0,0
ita.pdtb.luna,pdtb,ita,concession,XLMR frozen + TSV feat,1.0,0.21875,0.358974358974359,32
ita.pdtb.luna,pdtb,ita,condition,XLMR frozen + TSV feat,1.0,0.06060606060606061,0.11428571428571428,33
ita.pdtb.luna,pdtb,ita,conjunction,XLMR frozen + TSV feat,0.42105263157894735,0.5423728813559322,0.4740740740740741,59
ita.pdtb.luna,pdtb,ita,contrast,XLMR frozen + TSV feat,0.0,0.0,0.0,11
ita.pdtb.luna,pdtb,ita,elaboration,XLMR frozen + TSV feat,0.0,0.0,0.0,1
ita.pdtb.luna,pdtb,ita,organization,XLMR frozen + TSV feat,0.0,0.0,0.0,3
ita.pdtb.luna,pdtb,ita,purpose,XLMR frozen + TSV feat,0.0,0.0,0.0,26
ita.pdtb.luna,pdtb,ita,reformulation,XLMR frozen + TSV feat,1.0,0.125,0.2222222222222222,64
ita.pdtb.luna,pdtb,ita,temporal,XLMR frozen + TSV feat,0.9090909090909091,0.7547169811320755,0.8247422680412371,53
ita.pdtb.luna,pdtb,ita,alternation,XLMR finetune + TSV feat,1.0,1.0,1.0,7
ita.pdtb.luna,pdtb,ita,causal,XLMR finetune + TSV feat,1.0,1.0,1.0,85
ita.pdtb.luna,pdtb,ita,concession,XLMR finetune + TSV feat,1.0,1.0,1.0,32
ita.pdtb.luna,pdtb,ita,condition,XLMR finetune + TSV feat,1.0,1.0,1.0,33
ita.pdtb.luna,pdtb,ita,conjunction,XLMR finetune + TSV feat,1.0,1.0,1.0,59
ita.pdtb.luna,pdtb,ita,contrast,XLMR finetune + TSV feat,1.0,1.0,1.0,11
ita.pdtb.luna,pdtb,ita,elaboration,XLMR finetune + TSV feat,0.0,0.0,0.0,1
ita.pdtb.luna,pdtb,ita,organization,XLMR finetune + TSV feat,0.75,1.0,0.8571428571428571,3
ita.pdtb.luna,pdtb,ita,purpose,XLMR finetune + TSV feat,1.0,1.0,1.0,26
ita.pdtb.luna,pdtb,ita,reformulation,XLMR finetune + TSV feat,1.0,1.0,1.0,64
ita.pdtb.luna,pdtb,ita,temporal,XLMR finetune + TSV feat,1.0,1.0,1.0,53
zho.dep.scidtb,dep,zho,attribution,Qwen3 finetune,0.9166666666666666,0.9166666666666666,0.9166666666666666,12
zho.dep.scidtb,dep,zho,causal,Qwen3 finetune,0.2,0.16666666666666666,0.18181818181818182,6
zho.dep.scidtb,dep,zho,comment,Qwen3 finetune,0.5,0.38461538461538464,0.43478260869565216,13
zho.dep.scidtb,dep,zho,concession,Qwen3 finetune,0.0,0.0,0.0,2
zho.dep.scidtb,dep,zho,condition,Qwen3 finetune,0.0,0.0,0.0,1
zho.dep.scidtb,dep,zho,conjunction,Qwen3 finetune,0.43902439024390244,0.5625,0.4931506849315068,32
zho.dep.scidtb,dep,zho,contrast,Qwen3 finetune,0.5,0.14285714285714285,0.2222222222222222,7
zho.dep.scidtb,dep,zho,elaboration,Qwen3 finetune,0.5340909090909091,0.6025641025641025,0.5662650602409639,78
zho.dep.scidtb,dep,zho,explanation,Qwen3 finetune,0.0,0.0,0.0,1
zho.dep.scidtb,dep,zho,frame,Qwen3 finetune,0.6818181818181818,0.4838709677419355,0.5660377358490566,31
zho.dep.scidtb,dep,zho,mode,Qwen3 finetune,0.0,0.0,0.0,4
zho.dep.scidtb,dep,zho,organization,Qwen3 finetune,0.0,0.0,0.0,4
zho.dep.scidtb,dep,zho,purpose,Qwen3 finetune,0.5384615384615384,0.6086956521739131,0.5714285714285714,23
zho.dep.scidtb,dep,zho,temporal,Qwen3 finetune,0.0,0.0,0.0,1
zho.dep.scidtb,dep,zho,attribution,XLMR finetune,0.9230769230769231,1.0,0.96,12
zho.dep.scidtb,dep,zho,causal,XLMR finetune,0.6666666666666666,0.3333333333333333,0.4444444444444444,6
zho.dep.scidtb,dep,zho,comment,XLMR finetune,0.75,0.9230769230769231,0.8275862068965517,13
zho.dep.scidtb,dep,zho,concession,XLMR finetune,0.6666666666666666,1.0,0.8,2
zho.dep.scidtb,dep,zho,condition,XLMR finetune,1.0,1.0,1.0,1
zho.dep.scidtb,dep,zho,conjunction,XLMR finetune,0.675,0.84375,0.75,32
zho.dep.scidtb,dep,zho,contrast,XLMR finetune,0.625,0.7142857142857143,0.6666666666666666,7
zho.dep.scidtb,dep,zho,elaboration,XLMR finetune,0.7638888888888888,0.7051282051282052,0.7333333333333333,78
zho.dep.scidtb,dep,zho,explanation,XLMR finetune,0.0,0.0,0.0,1
zho.dep.scidtb,dep,zho,frame,XLMR finetune,0.8,0.7741935483870968,0.7868852459016393,31
zho.dep.scidtb,dep,zho,mode,XLMR finetune,0.3333333333333333,0.25,0.2857142857142857,4
zho.dep.scidtb,dep,zho,organization,XLMR finetune,0.0,0.0,0.0,4
zho.dep.scidtb,dep,zho,purpose,XLMR finetune,0.7083333333333334,0.7391304347826086,0.723404255319149,23
zho.dep.scidtb,dep,zho,temporal,XLMR finetune,0.5,1.0,0.6666666666666666,1
zho.dep.scidtb,dep,zho,attribution,XLMR framework,0.9230769230769231,1.0,0.96,12
zho.dep.scidtb,dep,zho,causal,XLMR framework,0.6666666666666666,0.3333333333333333,0.4444444444444444,6
zho.dep.scidtb,dep,zho,comment,XLMR framework,0.4583333333333333,0.8461538461538461,0.5945945945945946,13
zho.dep.scidtb,dep,zho,concession,XLMR framework,0.6666666666666666,1.0,0.8,2
zho.dep.scidtb,dep,zho,condition,XLMR framework,0.0,0.0,0.0,1
zho.dep.scidtb,dep,zho,conjunction,XLMR framework,0.6388888888888888,0.71875,0.6764705882352942,32
zho.dep.scidtb,dep,zho,contrast,XLMR framework,0.5454545454545454,0.8571428571428571,0.6666666666666666,7
zho.dep.scidtb,dep,zho,elaboration,XLMR framework,0.7258064516129032,0.5769230769230769,0.6428571428571429,78
zho.dep.scidtb,dep,zho,explanation,XLMR framework,0.0,0.0,0.0,1
zho.dep.scidtb,dep,zho,frame,XLMR framework,0.75,0.7741935483870968,0.7619047619047619,31
zho.dep.scidtb,dep,zho,mode,XLMR framework,0.3333333333333333,0.25,0.2857142857142857,4
zho.dep.scidtb,dep,zho,organization,XLMR framework,0.0,0.0,0.0,4
zho.dep.scidtb,dep,zho,purpose,XLMR framework,0.6923076923076923,0.782608695652174,0.7346938775510204,23
zho.dep.scidtb,dep,zho,temporal,XLMR framework,0.0,0.0,0.0,1
zho.dep.scidtb,dep,zho,attribution,XLMR frozen linear,0.6666666666666666,0.16666666666666666,0.26666666666666666,12
zho.dep.scidtb,dep,zho,causal,XLMR frozen linear,0.0,0.0,0.0,6
zho.dep.scidtb,dep,zho,comment,XLMR frozen linear,0.0,0.0,0.0,13
zho.dep.scidtb,dep,zho,concession,XLMR frozen linear,0.0,0.0,0.0,2
zho.dep.scidtb,dep,zho,condition,XLMR frozen linear,0.0,0.0,0.0,1
zho.dep.scidtb,dep,zho,conjunction,XLMR frozen linear,0.09090909090909091,0.03125,0.046511627906976744,32
zho.dep.scidtb,dep,zho,contrast,XLMR frozen linear,0.0,0.0,0.0,7
zho.dep.scidtb,dep,zho,elaboration,XLMR frozen linear,0.365,0.9358974358974359,0.5251798561151079,78
zho.dep.scidtb,dep,zho,explanation,XLMR frozen linear,0.0,0.0,0.0,1
zho.dep.scidtb,dep,zho,frame,XLMR frozen linear,0.0,0.0,0.0,31
zho.dep.scidtb,dep,zho,mode,XLMR frozen linear,0.0,0.0,0.0,4
zho.dep.scidtb,dep,zho,organization,XLMR frozen linear,0.0,0.0,0.0,4
zho.dep.scidtb,dep,zho,purpose,XLMR frozen linear,0.0,0.0,0.0,23
zho.dep.scidtb,dep,zho,temporal,XLMR frozen linear,0.0,0.0,0.0,1
zho.dep.scidtb,dep,zho,attribution,XLMR frozen + TSV feat,0.8571428571428571,0.5,0.631578947368421,12
zho.dep.scidtb,dep,zho,causal,XLMR frozen + TSV feat,0.0,0.0,0.0,6
zho.dep.scidtb,dep,zho,comment,XLMR frozen + TSV feat,0.0,0.0,0.0,13
zho.dep.scidtb,dep,zho,concession,XLMR frozen + TSV feat,0.0,0.0,0.0,2
zho.dep.scidtb,dep,zho,condition,XLMR frozen + TSV feat,0.0,0.0,0.0,1
zho.dep.scidtb,dep,zho,conjunction,XLMR frozen + TSV feat,0.391304347826087,0.28125,0.32727272727272727,32
zho.dep.scidtb,dep,zho,contrast,XLMR frozen + TSV feat,0.5,0.14285714285714285,0.2222222222222222,7
zho.dep.scidtb,dep,zho,elaboration,XLMR frozen + TSV feat,0.5819672131147541,0.9102564102564102,0.71,78
zho.dep.scidtb,dep,zho,explanation,XLMR frozen + TSV feat,0.0,0.0,0.0,1
zho.dep.scidtb,dep,zho,frame,XLMR frozen + TSV feat,0.40350877192982454,0.7419354838709677,0.5227272727272727,31
zho.dep.scidtb,dep,zho,mode,XLMR frozen + TSV feat,0.0,0.0,0.0,4
zho.dep.scidtb,dep,zho,organization,XLMR frozen + TSV feat,0.0,0.0,0.0,4
zho.dep.scidtb,dep,zho,purpose,XLMR frozen + TSV feat,0.0,0.0,0.0,23
zho.dep.scidtb,dep,zho,temporal,XLMR frozen + TSV feat,0.0,0.0,0.0,1
zho.dep.scidtb,dep,zho,attribution,XLMR finetune + TSV feat,1.0,1.0,1.0,12
zho.dep.scidtb,dep,zho,causal,XLMR finetune + TSV feat,1.0,1.0,1.0,6
zho.dep.scidtb,dep,zho,comment,XLMR finetune + TSV feat,1.0,1.0,1.0,13
zho.dep.scidtb,dep,zho,concession,XLMR finetune + TSV feat,1.0,1.0,1.0,2
zho.dep.scidtb,dep,zho,condition,XLMR finetune + TSV feat,1.0,1.0,1.0,1
zho.dep.scidtb,dep,zho,conjunction,XLMR finetune + TSV feat,1.0,1.0,1.0,32
zho.dep.scidtb,dep,zho,contrast,XLMR finetune + TSV feat,1.0,1.0,1.0,7
zho.dep.scidtb,dep,zho,elaboration,XLMR finetune + TSV feat,1.0,1.0,1.0,78
zho.dep.scidtb,dep,zho,explanation,XLMR finetune + TSV feat,1.0,1.0,1.0,1
zho.dep.scidtb,dep,zho,frame,XLMR finetune + TSV feat,1.0,1.0,1.0,31
zho.dep.scidtb,dep,zho,mode,XLMR finetune + TSV feat,1.0,1.0,1.0,4
zho.dep.scidtb,dep,zho,organization,XLMR finetune + TSV feat,1.0,1.0,1.0,4
zho.dep.scidtb,dep,zho,purpose,XLMR finetune + TSV feat,1.0,1.0,1.0,23
zho.dep.scidtb,dep,zho,temporal,XLMR finetune + TSV feat,1.0,1.0,1.0,1
