unit1_txt	unit2_txt	dir	rel_type	orig_label	label
针对 维吾尔 语零 指代 现象 ,	提出 采用 栈式 降噪 自编码 的 深度 学习 机制 进行 维吾尔 语零 指代 消解 。	1>2	unknown	bg-general	frame
提出 采用 栈式 降噪 自编码 的 深度 学习 机制 进行 维吾尔 语零 指代 消解 。	首先 由 大 规模 无 标注 维吾尔 语 语料 训练	1<2	unknown	elab-process_step	elaboration
首先 由 大 规模 无 标注 维吾尔 语 语料 训练	得到 富含 语义 和 句法 信息 的 词 嵌入 表示 ,	1<2	unknown	enablement	purpose
得到 富含 语义 和 句法 信息 的 词 嵌入 表示 ,	将 其 作 为 候选 先行 语 和 缺省 零代 词 的 语义 特征 ;	1<2	unknown	elab-addition	elaboration
其次 根据 维吾尔 语 语言 特点 ,	抽取 14 项 针对 零 指代 消解 任务 的 手工 设计 特征 ;	1>2	unknown	bg-general	frame
首先 由 大 规模 无 标注 维吾尔 语 语料 训练	抽取 14 项 针对 零 指代 消解 任务 的 手工 设计 特征 ;	1<2	unknown	joint	conjunction
抽取 14 项 针对 零 指代 消解 任务 的 手工 设计 特征 ;	然后 融合 word embedding 特征 和 14 项 hand-crafted 特征 作 为 栈式 降噪 自编 码 的 输入 ,	1<2	unknown	joint	conjunction
然后 融合 word embedding 特征 和 14 项 hand-crafted 特征 作 为 栈式 降噪 自编 码 的 输入 ,	最后 经过 无 监督 逐层 贪婪 的 预训练 和 有 监督 的 微调 过程 ,	1<2	unknown	joint	conjunction
最后 经过 无 监督 逐层 贪婪 的 预训练 和 有 监督 的 微调 过程 ,	使用 sof tmax 进行 分类 完成 维吾尔 语 零 指代 消解 任务 。	1<2	unknown	joint	conjunction
实验 结果 表明 ,	栈式 降噪 自编 码 的 F值 分 别提 高 了 4.450% 、 10.032% 和 8.140% ,	1>2	unknown	attribution	attribution
与 传统 栈式 自编 码 、 浅层 机器 学习 的 支持 向量 机 和 人工 神经 网络 相比 ,	栈式 降噪 自编 码 的 F值 分 别提 高 了 4.450% 、 10.032% 和 8.140% ,	1>2	unknown	comparison	concession
提出 采用 栈式 降噪 自编码 的 深度 学习 机制 进行 维吾尔 语零 指代 消解 。	栈式 降噪 自编 码 的 F值 分 别提 高 了 4.450% 、 10.032% 和 8.140% ,	1<2	unknown	evaluation	comment
栈式 降噪 自编 码 的 F值 分 别提 高 了 4.450% 、 10.032% 和 8.140% ,	实验 结果 验证 了 该 方法 的 有效 性 及 栈式 降噪 自编 码 在 任务 中 具备 挖掘 高 层 面 鲁棒 性 语义 特征 的 优势 。	1<2	unknown	elab-addition	elaboration
该文 将 行业 政策 形式 化 为 一 个 由 微观 、 中观 和 宏观 政策 血缘 网络 构成 的 复杂 网络 体系 。	分别 通过 改进 的 基 于 语义 的 政策 词语 相似 度 计算 方法 、 依 存句 分析 和 基 于 向量 空间 模型 的 方法 构建 了 微观 、 中观 及 宏观 的 政策 血缘 网络 。	1<2	unknown	elab-addition	elaboration
在 此 基础 上 ,	该文 对 政策 血缘 网络 进行 了 层次 结构 演化 和 碎片 清理 ,	1>2	unknown	bg-general	frame
分别 通过 改进 的 基 于 语义 的 政策 词语 相似 度 计算 方法 、 依 存句 分析 和 基 于 向量 空间 模型 的 方法 构建 了 微观 、 中观 及 宏观 的 政策 血缘 网络 。	该文 对 政策 血缘 网络 进行 了 层次 结构 演化 和 碎片 清理 ,	1<2	unknown	progression	organization
该文 对 政策 血缘 网络 进行 了 层次 结构 演化 和 碎片 清理 ,	构建 了 政策 血缘 森林 并 提出 基 于 政策 血缘 森林 的 政策 碎片 化 预防 的 方法 。	1<2	unknown	joint	conjunction
实验 结果 表明 ,	该文 所 提出 的 方法 能 有效 地 解决 政策 碎片 化 等 问题 。	1>2	unknown	attribution	attribution
该文 将 行业 政策 形式 化 为 一 个 由 微观 、 中观 和 宏观 政策 血缘 网络 构成 的 复杂 网络 体系 。	该文 所 提出 的 方法 能 有效 地 解决 政策 碎片 化 等 问题 。	1<2	unknown	evaluation	comment
朝鲜 语 词性 标注 是 朝鲜 语 信息 处理 的 基础 ,	该文 提出 了 一 种 在 seq2seq 模型 的 基础 上 融合 朝鲜 语 字母 信息 的 朝鲜 语 形态 素原 形 恢复 方法 ;	1>2	unknown	bg-general	frame
朝鲜 语 词性 标注 是 朝鲜 语 信息 处理 的 基础 ,	其 结果 直接 影响 后 续 朝 鲜语 自然 语言 处理 的 效果 。	1<2	unknown	elab-addition	elaboration
首先 为了 解决 朝鲜 语 词性 标注 中 遇到 的 形态 素 实际 写法 与 原形 不 一致 的 问题 ,	该文 提出 了 一 种 在 seq2seq 模型 的 基础 上 融合 朝鲜 语 字母 信息 的 朝鲜 语 形态 素原 形 恢复 方法 ;	1>2	unknown	bg-goal	frame
其次 , 在 恢复 形态 素 原 形 的 基础 上 ,	利用 LSTM-CRF 模型 完成 朝鲜 语 分写 及 词性 标注 。	1>2	unknown	bg-general	frame
该文 提出 了 一 种 在 seq2seq 模型 的 基础 上 融合 朝鲜 语 字母 信息 的 朝鲜 语 形态 素原 形 恢复 方法 ;	利用 LSTM-CRF 模型 完成 朝鲜 语 分写 及 词性 标注 。	1<2	unknown	joint	conjunction
实验 结果 表明 ,	该文 提出 的 方法 词性 标注 F1 值 为 94.75% ,	1>2	unknown	attribution	attribution
该文 提出 了 一 种 在 seq2seq 模型 的 基础 上 融合 朝鲜 语 字母 信息 的 朝鲜 语 形态 素原 形 恢复 方法 ;	该文 提出 的 方法 词性 标注 F1 值 为 94.75% ,	1<2	unknown	evaluation	comment
该文 提出 的 方法 词性 标注 F1 值 为 94.75% ,	优 于 其他 方法 。	1<2	unknown	elab-addition	elaboration
交互 式 机器 翻译 ( Interactive Machine Translation , IMT ) 是 一 种 通过 机器 翻译 系统 与 译员 之间 的 相互 作用 指导 计算 机 解码 并 改善 输出 译文 质量 的 技术 。	目前 主流 的 IMT 方法 使用 译员 确定 的 前缀 作 为 唯一 约束 指导 解码 , 交互 方式 受限 ,	1>2	unknown	bg-general	frame
目前 主流 的 IMT 方法 使用 译员 确定 的 前缀 作 为 唯一 约束 指导 解码 , 交互 方式 受限 ,	该文 从 交互 方式 和 解码 算法 两 个 方面 对 IMT 方法 进行 改进 。	1>2	unknown	bg-goal	frame
目前 主流 的 IMT 方法 使用 译员 确定 的 前缀 作 为 唯一 约束 指导 解码 , 交互 方式 受限 ,	交互 效率 低 。	1<2	unknown	joint	conjunction
该文 从 交互 方式 和 解码 算法 两 个 方面 对 IMT 方法 进行 改进 。	在 交互 方式 方面 , 允许 译员 译前 从 短语 译项 列表 中 为 源 语 言 短语 选择 正确 译项 。	1<2	unknown	elab-aspect	elaboration
在 交互 方式 方面 , 允许 译员 译前 从 短语 译项 列表 中 为 源 语 言 短语 选择 正确 译项 。	该文 还 提出 了 基 于 短 语 表 的 多样 性 排序 算法 ,	1<2	unknown	elab-addition	elaboration
该文 还 提出 了 基 于 短 语 表 的 多样 性 排序 算法 ,	来 提高 短 语候 选译项 的 多样 性 ,	1<2	unknown	enablement	purpose
来 提高 短 语候 选译项 的 多样 性 ,	并 根据 译员 的 翻译 认知 过程 设计 交互界 面 ,	1<2	unknown	joint	conjunction
并 根据 译员 的 翻译 认知 过程 设计 交互界 面 ,	改善 译员 在 翻译 过程 中 的 用户 体验 。	1<2	unknown	elab-addition	elaboration
该文 从 交互 方式 和 解码 算法 两 个 方面 对 IMT 方法 进行 改进 。	在 解码 算法 方面 , 将 双 语 短语 与 前缀 一同 作 为 约束 参 与 指导 解码 过程 ,	1<2	unknown	elab-aspect	elaboration
在 解码 算法 方面 , 将 双 语 短语 与 前缀 一同 作 为 约束 参 与 指导 解码 过程 ,	提高 翻译 假设 评价 和 过滤 的 准确 性 。	1<2	unknown	elab-addition	elaboration
该文 从 交互 方式 和 解码 算法 两 个 方面 对 IMT 方法 进行 改进 。	在 LDC 汉 英 平行 语料 上 进行 了 人工 评测 ,	1<2	unknown	evaluation	comment
实验 结果 表明	该 方法 较 传统 的 IMT 方法 能够 减轻 译员 的 认知 负担 ,	1>2	unknown	attribution	attribution
在 LDC 汉 英 平行 语料 上 进行 了 人工 评测 ,	该 方法 较 传统 的 IMT 方法 能够 减轻 译员 的 认知 负担 ,	1<2	unknown	elab-addition	elaboration
该 方法 较 传统 的 IMT 方法 能够 减轻 译员 的 认知 负担 ,	减少 翻译 时间 ,	1<2	unknown	joint	conjunction
该 方法 较 传统 的 IMT 方法 能够 减轻 译员 的 认知 负担 ,	提升 翻译 效率 。	1<2	unknown	joint	conjunction
为 了提 高蒙 古 语 语音 识别 性能 ,	该文 首先 将 时延 神经 网络 融合 前 馈型 序列 记忆 网络 应用 于 蒙古 语语音 识别 任务 中 ,	1>2	unknown	bg-goal	frame
该文 首先 将 时延 神经 网络 融合 前 馈型 序列 记忆 网络 应用 于 蒙古 语语音 识别 任务 中 ,	通过 对长 序列语 音帧 建模	1<2	unknown	elab-addition	elaboration
通过 对长 序列语 音帧 建模	来 充分 挖掘 上 下文 相关 信息 ;	1<2	unknown	enablement	purpose
该文 首先 将 时延 神经 网络 融合 前 馈型 序列 记忆 网络 应用 于 蒙古 语语音 识别 任务 中 ,	此外 研究 了 前 馈型 序列 记忆 网络 “ 记忆 ” 模块 中 历史 信息 和 未来 信息 长度 对 模型 的 影响 ;	1<2	unknown	joint	conjunction
该文 首先 将 时延 神经 网络 融合 前 馈型 序列 记忆 网络 应用 于 蒙古 语语音 识别 任务 中 ,	最后 分析 了 融合 的 网络 结构 中 隐藏 层 个数 及 隐藏 层节 点数 对 声学 模型 性能 的 影响 。	1<2	unknown	joint	conjunction
实验 结果 表明 ,	时延 神经 网络 融合 前馈 型 序列 记忆 网络 相比 深度 神经 网络 、 时延 神经 网络 和 前馈 型 序列 记忆 网络 具有 更好 的 性能 ,	1>2	unknown	attribution	attribution
该文 首先 将 时延 神经 网络 融合 前 馈型 序列 记忆 网络 应用 于 蒙古 语语音 识别 任务 中 ,	时延 神经 网络 融合 前馈 型 序列 记忆 网络 相比 深度 神经 网络 、 时延 神经 网络 和 前馈 型 序列 记忆 网络 具有 更好 的 性能 ,	1<2	unknown	evaluation	comment
时延 神经 网络 融合 前馈 型 序列 记忆 网络 相比 深度 神经 网络 、 时延 神经 网络 和 前馈 型 序列 记忆 网络 具有 更好 的 性能 ,	单词 错误 率 与 基线 深度 神经 网络 模型 相比 降低 22.2% 。	1<2	unknown	exp-evidence	explanation
推荐 系统 的 冷 启动 问题 是 近期 的 研究 热点 ,	该 文面 向 微博 网络 , 提出 了 系统 的 用户 活跃 性 判定 方法 ,	1>2	unknown	bg-goal	frame
推荐 系统 的 冷 启动 问题 是 近期 的 研究 热点 ,	而 用户 的 活跃 性 判定 是 冷 启动 问题 的 基础 。	1<2	unknown	elab-addition	elaboration
已 有 方法 在 判定 用户 的 活跃 性 时 ,	单纯 地 考虑 了 用户 发表 信息 量 ,	1>2	unknown	temporal	temporal
而 用户 的 活跃 性 判定 是 冷 启动 问题 的 基础 。	单纯 地 考虑 了 用户 发表 信息 量 ,	1<2	unknown	elab-addition	elaboration
单纯 地 考虑 了 用户 发表 信息 量 ,	对 社交 媒体 的 社交 关系 及 行为 等 特征 利用 不够 。	1<2	unknown	elab-addition	elaboration
该 文面 向 微博 网络 , 提出 了 系统 的 用户 活跃 性 判定 方法 ,	创新 性 主要 体现 在 :	1<2	unknown	elab-addition	elaboration
创新 性 主要 体现 在 :	( 1 ) 提出 了 微博 网络 影响 用户 活跃 性 的 四 类 指标 ,	1<2	unknown	elab-enumember	elaboration
( 1 ) 提出 了 微博 网络 影响 用户 活跃 性 的 四 类 指标 ,	包括 用户 背景 、 社交 关系 、 发表 内容 质量 及 社交 行为 ,	1<2	unknown	elab-enumember	elaboration
包括 用户 背景 、 社交 关系 、 发表 内容 质量 及 社交 行为 ,	避免 了 仅仅 使 用 用户 发表 信息 数量 判定 用户 是否 活跃 的 粗糙 方式 ;	1<2	unknown	enablement	purpose
( 1 ) 提出 了 微博 网络 影响 用户 活跃 性 的 四 类 指标 ,	( 2 ) 提出 了 用户 活跃 性 判定 流程 ,	1<2	unknown	joint	conjunction
( 2 ) 提出 了 用户 活跃 性 判定 流程 ,	提出 了 基 于 四 类 指标 的 用户 与 用户 集 的 差异 度 计算 模型 。	1<2	unknown	elab-addition	elaboration
该 文面 向 微博 网络 , 提出 了 系统 的 用户 活跃 性 判定 方法 ,	以 新浪 微博 为 例 ,	1<2	unknown	evaluation	comment
以 新浪 微博 为 例 ,	选取 了 学术 研究 、 企业 管理 、 教育 、 文化 、 军事 五 个 领域 的 900 个 用户 作 为 测试 集 ,	1<2	unknown	elab-addition	elaboration
选取 了 学术 研究 、 企业 管理 、 教育 、 文化 、 军事 五 个 领域 的 900 个 用户 作 为 测试 集 ,	使用 准确 率 P 、 召回 率 R 及 F 值 为 评价 指标 ,	1<2	unknown	elab-addition	elaboration
使用 准确 率 P 、 召回 率 R 及 F 值 为 评价 指标 ,	进行 了 实验 分析 和 比较 。	1<2	unknown	elab-addition	elaboration
结果 显示 ,	该文 所 提用 户 活跃 性 判定 方法 的 准确 率 P 、 召回 率 R 、 F 值 比 传统 的 判定 方法 分别 提高 了 21% 、 13% 和 16% ,	1>2	unknown	attribution	attribution
以 新浪 微博 为 例 ,	该文 所 提用 户 活跃 性 判定 方法 的 准确 率 P 、 召回 率 R 、 F 值 比 传统 的 判定 方法 分别 提高 了 21% 、 13% 和 16% ,	1<2	unknown	elab-addition	elaboration
该文 所 提用 户 活跃 性 判定 方法 的 准确 率 P 、 召回 率 R 、 F 值 比 传统 的 判定 方法 分别 提高 了 21% 、 13% 和 16% ,	将 该 文 所 提 方法 用 于 用户 推荐 ,	1<2	unknown	joint	conjunction
将 该 文 所 提 方法 用 于 用户 推荐 ,	得到 的 P 、 R 和 F 值 比 最新 的 方法 分别 提高 了 5% 、 2% 和 3% ,	1<2	unknown	elab-addition	elaboration
得到 的 P 、 R 和 F 值 比 最新 的 方法 分别 提高 了 5% 、 2% 和 3% ,	验证 了 所 提 方法 的 有效 性 。	1<2	unknown	elab-addition	elaboration
该 文针 对 中 文 网络 评论 情感 分类 任务 ,	提出 了 一 种 集成 学习 框架 。	1>2	unknown	bg-general	frame
首先 针对 中 文 网络 评论 复杂 多样 的 特点 ,	采用 词性 组合 模式 、 频繁 词 序列 模式 和 保序 子 矩阵 模式 作 为 输入 特征 。	1>2	unknown	bg-general	frame
提出 了 一 种 集成 学习 框架 。	采用 词性 组合 模式 、 频繁 词 序列 模式 和 保序 子 矩阵 模式 作 为 输入 特征 。	1<2	unknown	elab-process_step	elaboration
采用 词性 组合 模式 、 频繁 词 序列 模式 和 保序 子 矩阵 模式 作 为 输入 特征 。	然后 采用 基 于 信息 增益 的 随 机 子 空间 算法	1<2	unknown	joint	conjunction
然后 采用 基 于 信息 增益 的 随 机 子 空间 算法	解决 文本 特征 繁多 的 问题 ,	1<2	unknown	enablement	purpose
解决 文本 特征 繁多 的 问题 ,	同时 提高 基分 类器 的 分类 性能 。	1<2	unknown	joint	conjunction
然后 采用 基 于 信息 增益 的 随 机 子 空间 算法	最后 基 于 产品 属性 构造 基分 类器 算法	1<2	unknown	joint	conjunction
最后 基 于 产品 属性 构造 基分 类器 算法	综合 评论 文本 中 每个 属性 的 情感 信息 ,	1<2	unknown	enablement	purpose
综合 评论 文本 中 每个 属性 的 情感 信息 ,	进而 判别 评论 的 句子 级 情感 倾向 。	1<2	unknown	elab-addition	elaboration
实验 结果 表明 了	该 框架 在 中 文 网络 评论 情感 分类 任务 上 的 有效 性 ,	1>2	unknown	attribution	attribution
提出 了 一 种 集成 学习 框架 。	该 框架 在 中 文 网络 评论 情感 分类 任务 上 的 有效 性 ,	1<2	unknown	evaluation	comment
该 框架 在 中 文 网络 评论 情感 分类 任务 上 的 有效 性 ,	特别 是 在 Logistic Regression 分类 算法 上 准确 率 达到 90.3% 。	1<2	unknown	elab-addition	elaboration
﻿主题 模型 在 自然 语言 处理 领域 受到 了 越来越 多 的 关注 。	在 该 领域 中 , 主题 可以 看成 是 词项 的 概率 分布 。	1>2	unknown	bg-general	frame
在 该 领域 中 , 主题 可以 看成 是 词项 的 概率 分布 。	主题 模型 通过 词项 在 文档 级 的 共现 信息 抽取 出 语义 相关 的 主题 集合 ,	1<2	unknown	elab-addition	elaboration
主题 模型 通过 词项 在 文档 级 的 共现 信息 抽取 出 语义 相关 的 主题 集合 ,	并 能够 将 词项 空间 中 的 文档 变换 到 主题 空间 ,	1<2	unknown	joint	conjunction
并 能够 将 词项 空间 中 的 文档 变换 到 主题 空间 ,	得到 文档 在 低维 空间 中 的 表达 。	1<2	unknown	enablement	purpose
作者 从 主题 模型 的 起源 隐性 语义 索引 出发 ,	对 概率 隐性 语义 索引 以及 LDA 等 在 主题 模型 发展 中 的 重要 阶段 性 工作 进行 了 介绍 和 分析 ,	1>2	unknown	bg-general	frame
在 该 领域 中 , 主题 可以 看成 是 词项 的 概率 分布 。	对 概率 隐性 语义 索引 以及 LDA 等 在 主题 模型 发展 中 的 重要 阶段 性 工作 进行 了 介绍 和 分析 ,	1<2	unknown	elab-addition	elaboration
对 概率 隐性 语义 索引 以及 LDA 等 在 主题 模型 发展 中 的 重要 阶段 性 工作 进行 了 介绍 和 分析 ,	着重 描述 这些 工作 之间 的 关联 性 。	1<2	unknown	elab-addition	elaboration
对 概率 隐性 语义 索引 以及 LDA 等 在 主题 模型 发展 中 的 重要 阶段 性 工作 进行 了 介绍 和 分析 ,	LDA 作 为 一 个 概率 生成 模型 , 很 容易 被 扩展 成 其它 形式 的 概率 模型 。	1<2	unknown	elab-addition	elaboration
LDA 作 为 一 个 概率 生成 模型 , 很 容易 被 扩展 成 其它 形式 的 概率 模型 。	作者 对 由 LDA 派生 出 的 各种 模型 作 了 粗略 分类 ,	1<2	unknown	elab-addition	elaboration
作者 对 由 LDA 派生 出 的 各种 模型 作 了 粗略 分类 ,	并 选择 了 各类 的 代表 性 模型 简单 介绍 。	1<2	unknown	joint	conjunction
在 该 领域 中 , 主题 可以 看成 是 词项 的 概率 分布 。	主题 模型 中 最 重要 的 两 组 参数 分别 是 各 主题 下 的 词项 概率 分布 和 各 文档 的 主题 概率 分布 ，	1<2	unknown	elab-addition	elaboration
主题 模型 中 最 重要 的 两 组 参数 分别 是 各 主题 下 的 词项 概率 分布 和 各 文档 的 主题 概率 分布 ，	作者 对 期望 最大 化算 法 在 主题 模型 参数 估计 中 的 使用 进行 了 分析 ,	1<2	unknown	elab-addition	elaboration
作者 对 期望 最大 化算 法 在 主题 模型 参数 估计 中 的 使用 进行 了 分析 ,	这 有助 于 更 深刻 理解 主题 模型 发展 中 各项 工作 的 联系 .	1<2	unknown	enablement	purpose
情感 分类 任务 需要 捕获 文本 中 的 情感 特征 ,	该文 提出 一 种 基 于 词 注意力 的 卷积 神经 网络 模型 ( word attention-based convolutional neural networks , WACNN ) 。	1>2	unknown	bg-general	frame
情感 分类 任务 需要 捕获 文本 中 的 情感 特征 ,	利用 重要 的 局部 特征	1<2	unknown	elab-addition	elaboration
利用 重要 的 局部 特征	构建 文本 的 特征 表示 。	1<2	unknown	enablement	purpose
卷积 神经 网络 ( convolutional neural networks , CNN ) 已经 被 证明 拥有 出色 的 特征 学习 能力 ,	但是 该 模型 无法 判别 输入 文本 中 特征 词 与 情感 的 相关 性 ,	1>2	unknown	contrast	contrast
情感 分类 任务 需要 捕获 文本 中 的 情感 特征 ,	但是 该 模型 无法 判别 输入 文本 中 特征 词 与 情感 的 相关 性 ,	1<2	unknown	elab-addition	elaboration
但是 该 模型 无法 判别 输入 文本 中 特征 词 与 情感 的 相关 性 ,	卷积 层 缺乏 对 单 一 词 特征 的 提取 。	1<2	unknown	elab-addition	elaboration
基 于 目前 运用 非常 成功 的 注意 力 模型 ,	该文 提出 一 种 基 于 词 注意力 的 卷积 神经 网络 模型 ( word attention-based convolutional neural networks , WACNN ) 。	1>2	unknown	bg-general	frame
该文 提出 一 种 基 于 词 注意力 的 卷积 神经 网络 模型 ( word attention-based convolutional neural networks , WACNN ) 。	相比 于 卷积 神经 网络 , 该 模型 以 篇章 的 文本 信息 作 为 输入 ,	1<2	unknown	elab-addition	elaboration
相比 于 卷积 神经 网络 , 该 模型 以 篇章 的 文本 信息 作 为 输入 ,	首先 在 词 嵌入 层 之后 增加 注意 力 机制 层 ,	1<2	unknown	elab-process_step	elaboration
首先 在 词 嵌入 层 之后 增加 注意 力 机制 层 ,	获取 重要 的 局部 特征 词 ,	1<2	unknown	enablement	purpose
获取 重要 的 局部 特征 词 ,	使 模型 有 选择 地 进行 特征 提取 ;	1<2	unknown	enablement	purpose
首先 在 词 嵌入 层 之后 增加 注意 力 机制 层 ,	然后 在 卷积 层 中 增加 大小 为 1 的 卷积 核 ,	1<2	unknown	joint	conjunction
然后 在 卷积 层 中 增加 大小 为 1 的 卷积 核 ,	提取 单 一 词 的 特征 ;	1<2	unknown	enablement	purpose
然后 在 卷积 层 中 增加 大小 为 1 的 卷积 核 ,	最后 该 方法 对 输入 文本 进行 适当 的 文本 填充 ,	1<2	unknown	joint	conjunction
最后 该 方法 对 输入 文本 进行 适当 的 文本 填充 ,	保证 每个 词 都 存在 上下文 信息 ,	1<2	unknown	enablement	purpose
保证 每个 词 都 存在 上下文 信息 ,	使 模型 有效 提取 到 每个 词 的 n-grams 局部 特征 ,	1<2	unknown	enablement	purpose
使 模型 有效 提取 到 每个 词 的 n-grams 局部 特征 ,	避免 卷积 处理 过程 中 局部 信息 的 丢失 。	1<2	unknown	enablement	purpose
该文 提出 一 种 基 于 词 注意力 的 卷积 神经 网络 模型 ( word attention-based convolutional neural networks , WACNN ) 。	该 模型 在 MR5K 和 CR 数据 集上 进行 验证 ,	1<2	unknown	evaluation	comment
该 模型 在 MR5K 和 CR 数据 集上 进行 验证 ,	较 普通 卷积 神经 网络 和 传统 机器 学习 方法 , 在 准确 率 上 分别 取得 0.5% 和 2% 的 提升 。	1<2	unknown	elab-addition	elaboration
实际 的 网络 化 数据 往往 包含 多 种 类型 的 对象 和 关系 ,	提出 了 一 个 新 的 社团 发现 算法 框架 HCD ( heterogeneou s community detection ) 。	1>2	unknown	bg-general	frame
实际 的 网络 化 数据 往往 包含 多 种 类型 的 对象 和 关系 ,	采用 异质 信息 网络 可以 更好 地 对 其 建模 ,	1<2	unknown	elab-addition	elaboration
采用 异质 信息 网络 可以 更好 地 对 其 建模 ,	因 此 异质 信息 网络 分析 逐渐 成 为 数据 挖掘 的 研究 热点 。	1<2	unknown	result	causal
虽然 同质 信息 网络 中 的 社团 发现 已经 被 深入 研究 ,	但是 异质 信息 网络 中 的 社团 发现 还 很少 被 研究 。	1>2	unknown	contrast	contrast
采用 异质 信息 网络 可以 更好 地 对 其 建模 ,	但是 异质 信息 网络 中 的 社团 发现 还 很少 被 研究 。	1<2	unknown	elab-addition	elaboration
该文 研究 异质 信息 网络 中 的 社团 发现 问题 ,	提出 了 一 个 新 的 社团 发现 算法 框架 HCD ( heterogeneou s community detection ) 。	1>2	unknown	bg-general	frame
提出 了 一 个 新 的 社团 发现 算法 框架 HCD ( heterogeneou s community detection ) 。	该 框架 由 两 部 分 组成 :	1<2	unknown	elab-addition	elaboration
该 框架 由 两 部 分 组成 :	基 于 单 条 元 路径 的 社团 发现 算法 HCD_sgl 和 融合 多 条 元 路径 的 社团 发现 算法 HCD_all 。	1<2	unknown	elab-enumember	elaboration
基 于 单 条 元 路径 的 社团 发现 算法 HCD_sgl 和 融合 多 条 元 路径 的 社团 发现 算法 HCD_all 。	HCD_sgl 首先 确定 在 给定 元 路径 下 所有 节点 的 初始 标签 ,	1<2	unknown	elab-addition	elaboration
HCD_sgl 首先 确定 在 给定 元 路径 下 所有 节点 的 初始 标签 ,	再 利用 改进 的 标签 传递 算法	1<2	unknown	progression	organization
再 利用 改进 的 标签 传递 算法	进行 最终 的 社团 发现 ;	1<2	unknown	enablement	purpose
HCD_sgl 首先 确定 在 给定 元 路径 下 所有 节点 的 初始 标签 ,	HCD_all 是 在 HCD_sgl 的 基础 上 将 基 于 多 条 元 路径 的 社团 发现 结果 进行 融合 。	1<2	unknown	joint	conjunction
提出 了 一 个 新 的 社团 发现 算法 框架 HCD ( heterogeneou s community detection ) 。	通过 在 真实 数据 集 和 人工 数据 集 上 的 实验 验证 了 HCD 算法 的 有效 性 。	1<2	unknown	evaluation	comment
随 着 认知 计算 的 飞速 发展 ,	通用 知识 图谱 的 自动 构 建取 得 了 极大 的 进步 ,	1>2	unknown	bg-general	frame
通用 知识 图谱 的 自动 构 建取 得 了 极大 的 进步 ,	该文 提出 两 个 假设 ,	1>2	unknown	bg-general	frame
通用 知识 图谱 的 自动 构 建取 得 了 极大 的 进步 ,	但 在 垂直 领域 由于 缺乏 本体 等 语义 信息 ,	1<2	unknown	contrast	contrast
但 在 垂直 领域 由于 缺乏 本体 等 语义 信息 ,	导致 进展 缓慢 。	1<2	unknown	result	causal
通用 知识 图谱 的 自动 构 建取 得 了 极大 的 进步 ,	叙 词 表 广泛 分布 于 各个 专业 领域	1<2	unknown	joint	conjunction
叙 词 表 广泛 分布 于 各个 专业 领域	且 蕴藏 着 丰富 的 语义 信息 ,	1<2	unknown	joint	conjunction
如 能 对 这些 语义 信息 进行 合理 的 提取 和 利用 ,	必然 能 在 一定 程度 上 帮助 领域 知识 图谱 的 自动 构建 。	1>2	unknown	condition	condition
且 蕴藏 着 丰富 的 语义 信息 ,	必然 能 在 一定 程度 上 帮助 领域 知识 图谱 的 自动 构建 。	1<2	unknown	elab-addition	elaboration
该文 提出 两 个 假设 ,	利用 假设 可以 从 叙词 表 内部 结构 中 提取 实体 类型 和 关系 类型 ,	1<2	unknown	elab-addition	elaboration
利用 假设 可以 从 叙词 表 内部 结构 中 提取 实体 类型 和 关系 类型 ,	进而 设计 了 一 种 基 于 叙词 表 的 领域 知识 图谱 初始 种子 集自 动生 成算 法 。	1<2	unknown	enablement	purpose
该文 提出 两 个 假设 ,	最后 , 以 地质 领域 和 林业 领域 的 叙词 表作 为 实验 对象 ,	1<2	unknown	evaluation	comment
最后 , 以 地质 领域 和 林业 领域 的 叙词 表作 为 实验 对象 ,	采用 Bootstrapping 算法 ,	1<2	unknown	elab-addition	elaboration
采用 Bootstrapping 算法 ,	利用 由 叙词 表 自 动 生成 的 初始 种子 集	1<2	unknown	joint	conjunction
采用 Bootstrapping 算法 ,	进行 抽取 工作 ,	1<2	unknown	enablement	purpose
进行 抽取 工作 ,	通过 对 抽取 到 的 结果 进行 分析 ,	1<2	unknown	elab-addition	elaboration
结果 表明	利用 叙词 表 得 到 的 初始 种子 集 可以 取得 同 人 工设计 种子 比较 接近 的 效果 。	1>2	unknown	attribution	attribution
通过 对 抽取 到 的 结果 进行 分析 ,	利用 叙词 表 得 到 的 初始 种子 集 可以 取得 同 人 工设计 种子 比较 接近 的 效果 。	1<2	unknown	elab-addition	elaboration
该文 提出 两 个 假设 ,	此外 , 所 提 模型 具有 通用 性 , 为 叙词 表 在 构建 领域 知识 图谱 中 的 应用 提供 了 一 种 新 的 思路 。	1<2	unknown	elab-addition	elaboration
目前 的 语境 向量 模型 在 对 语义 空间 建模 的 时候 , 没有 考虑 到 同 一 个 词 的 不同 词性 具有 不同 的 含义 ,	提出 了 一 种 加入 词性 特征 的 语境 向量 模型 ,	1>2	unknown	bg-goal	frame
目前 的 语境 向量 模型 在 对 语义 空间 建模 的 时候 , 没有 考虑 到 同 一 个 词 的 不同 词性 具有 不同 的 含义 ,	将 它们 看作 同 一 个 点 进行 建模 ,	1<2	unknown	elab-addition	elaboration
将 它们 看作 同 一 个 点 进行 建模 ,	导致 得到 的 语境 向量 质量 不高 ,	1<2	unknown	result	causal
导致 得到 的 语境 向量 质量 不高 ,	使用 这 种 语境 向量 计算 语境 相似 度 效果 不好 。	1<2	unknown	elab-addition	elaboration
针对 该类 问题 ,	提出 了 一 种 加入 词性 特征 的 语境 向量 模型 ,	1>2	unknown	bg-general	frame
加入 词性 后 ,	可以 将 原本 用 语义 空间 中 一 个 点 表示 的 几 个 语义 区分 出来 ,	1>2	unknown	temporal	temporal
提出 了 一 种 加入 词性 特征 的 语境 向量 模型 ,	可以 将 原本 用 语义 空间 中 一 个 点 表示 的 几 个 语义 区分 出来 ,	1<2	unknown	elab-addition	elaboration
可以 将 原本 用 语义 空间 中 一 个 点 表示 的 几 个 语义 区分 出来 ,	得到 质量 更好 的 语境 向量 和 语境 相似 度 ,	1<2	unknown	enablement	purpose
得到 质量 更好 的 语境 向量 和 语境 相似 度 ,	进而 得到 更好 的 消歧 效果 。	1<2	unknown	progression	organization
实验 结果 表明 ,	这 种 建模 方式 可以 有效 区分 不同 词性 的 语义 ,	1>2	unknown	elab-addition	elaboration
提出 了 一 种 加入 词性 特征 的 语境 向量 模型 ,	这 种 建模 方式 可以 有效 区分 不同 词性 的 语义 ,	1<2	unknown	evaluation	comment
这 种 建模 方式 可以 有效 区分 不同 词性 的 语义 ,	在 2004 年 的 Senseval -3 测试 集 上 进行 测试 ,	1<2	unknown	elab-addition	elaboration
在 2004 年 的 Senseval -3 测试 集 上 进行 测试 ,	准确 率 达到 了 75.3% ,	1<2	unknown	elab-addition	elaboration
准确 率 达到 了 75.3% ,	并 在 Sem Eval-13 和 Sem Eval -15 公开 测试 集 上 进行 了 测试 ,	1<2	unknown	joint	conjunction
这 种 建模 方式 可以 有效 区分 不同 词性 的 语义 ,	消歧 效果 相比 未 引入 词性 特征 的 模型 均 得到 了 提升 。	1<2	unknown	summary	organization
嵌套 命名 实体 含有 丰富 的 实体 和 实体 间 语义 关系 ,	构建 了 两 个 中 文 嵌套 命名 实体 语料 库 。	1>2	unknown	bg-general	frame
嵌套 命名 实体 含有 丰富 的 实体 和 实体 间 语义 关系 ,	有助 于 提高 信息 抽取 的 效率 。	1<2	unknown	elab-addition	elaboration
有助 于 提高 信息 抽取 的 效率 。	由于 缺少 统一 的 标准 中 文嵌 套 命 名 实体 语料 库 ,	1<2	unknown	elab-addition	elaboration
由于 缺少 统一 的 标准 中 文嵌 套 命 名 实体 语料 库 ,	目前 中 文 嵌套 命名 实体 的 研究 工作 难 于 比较 。	1<2	unknown	elab-addition	elaboration
该文 在 已 有 命名 实体 语料 的 基础 上	构建 了 两 个 中 文 嵌套 命名 实体 语料 库 。	1>2	unknown	bg-general	frame
采用 半 自动 化 方法	构建 了 两 个 中 文 嵌套 命名 实体 语料 库 。	1>2	unknown	manner-means	mode
构建 了 两 个 中 文 嵌套 命名 实体 语料 库 。	首先 利用 已有 中 文命名 实体 语料 库 中 的 标注 信息	1<2	unknown	elab-process_step	elaboration
首先 利用 已有 中 文命名 实体 语料 库 中 的 标注 信息	自动 地 构造 出 尽 可能多 的 嵌套 命名 实体 ,	1<2	unknown	elab-addition	elaboration
首先 利用 已有 中 文命名 实体 语料 库 中 的 标注 信息	然后 再 进行 手工 调整	1<2	unknown	joint	conjunction
然后 再 进行 手工 调整	以 满足 对 中 文 嵌套 实体 的 标注 要求 ,	1<2	unknown	enablement	purpose
以 满足 对 中 文 嵌套 实体 的 标注 要求 ,	从而 构建 高 质量 的 中 文 嵌套 命 名实体 识别 语料 库 。	1<2	unknown	elab-addition	elaboration
语料 内 和 跨 语料 嵌套 实体 识别 的 初步 实验 表明 ,	中 文 嵌套 命名 实体 识别 仍是 一 个 比较 困难 的 问题 ,	1>2	unknown	attribution	attribution
构建 了 两 个 中 文 嵌套 命名 实体 语料 库 。	中 文 嵌套 命名 实体 识别 仍是 一 个 比较 困难 的 问题 ,	1<2	unknown	elab-addition	elaboration
中 文 嵌套 命名 实体 识别 仍是 一 个 比较 困难 的 问题 ,	需要 进 一 步 研究 。	1<2	unknown	elab-addition	elaboration
韩 汉 双 语 语料 库 短语 对 齐 对 于 基 于 实例 的 韩 汉 机器 翻译 系统 具有 重要 意义 ,	提出 了 基 于 词对 齐 位置 信息 的 韩 汉 双 语 语料 库 名词 短 语对齐 方法 。	1>2	unknown	bg-general	frame
该文 从 韩国 语 名词 短语 结构 特点 出发 ,	提出 了 基 于 词对 齐 位置 信息 的 韩 汉 双 语 语料 库 名词 短 语对齐 方法 。	1>2	unknown	bg-general	frame
该文 从 韩国 语 名词 短语 结构 特点 出发 ,	在 基 于 统计 和 基 于 词典 的 词对 齐 方法 进行 试验 分析 的 基础 上 ,	1<2	unknown	joint	conjunction
该 方法 通过 基 于 统计 的 方法	获得 词 对 齐 位 置 信息 ,	1>2	unknown	manner-means	mode
提出 了 基 于 词对 齐 位置 信息 的 韩 汉 双 语 语料 库 名词 短 语对齐 方法 。	获得 词 对 齐 位 置 信息 ,	1<2	unknown	elab-process_step	elaboration
在 此 基础 上 利用 基 于 词典 方法 的 相似 度 计算	进行 词 对 齐 校 正 ;	1>2	unknown	manner-means	mode
获得 词 对 齐 位 置 信息 ,	进行 词 对 齐 校 正 ;	1<2	unknown	joint	conjunction
根据 以上 结果 ,	该文 通过 韩国 语 名词 短语 左右边 界 规则 抽取 名词 短语 及 其 汉 语 译文 ,	1>2	unknown	bg-general	frame
进行 词 对 齐 校 正 ;	该文 通过 韩国 语 名词 短语 左右边 界 规则 抽取 名词 短语 及 其 汉 语 译文 ,	1<2	unknown	joint	conjunction
利 用 关联 度 度量 方法	进行 过滤 ,	1>2	unknown	bg-general	frame
该文 通过 韩国 语 名词 短语 左右边 界 规则 抽取 名词 短语 及 其 汉 语 译文 ,	进行 过滤 ,	1<2	unknown	joint	conjunction
进行 过滤 ,	实现 名词 短语 对齐 。	1<2	unknown	elab-addition	elaboration
实验 结果 表明 ,	在 较大 规模 语料 库 情况 下 , 该 方法 取得 了 较好 的 短语 对齐 结果 。	1>2	unknown	attribution	attribution
提出 了 基 于 词对 齐 位置 信息 的 韩 汉 双 语 语料 库 名词 短 语对齐 方法 。	在 较大 规模 语料 库 情况 下 , 该 方法 取得 了 较好 的 短语 对齐 结果 。	1<2	unknown	evaluation	comment
目前 中 文 情感 分析 的 主要 资源 以 情感 词典 为 主 ,	该文 主要 研究 如何 从 大 规模 文本 语料 中 自动 获取 实体 情感 知识 。	1>2	unknown	bg-goal	frame
目前 中 文 情感 分析 的 主要 资源 以 情感 词典 为 主 ,	缺乏 针对 实体 或 属性 的 情感 知识 资源 。	1<2	unknown	elab-addition	elaboration
该文 主要 研究 如何 从 大 规模 文本 语料 中 自动 获取 实体 情感 知识 。	在 该 文 方法 中 , 用 情感 表达 组合	1<2	unknown	elab-addition	elaboration
在 该 文 方法 中 , 用 情感 表达 组合	来 表示 实体 情感 知识 。	1<2	unknown	enablement	purpose
该文 主要 研究 如何 从 大 规模 文本 语料 中 自动 获取 实体 情感 知识 。	首先 , 基 于 二 部 图 排序 算法 对 情感 表达 组合 候选 集合 进行 排序 。	1<2	unknown	elab-process_step	elaboration
首先 , 基 于 二 部 图 排序 算法 对 情感 表达 组合 候选 集合 进行 排序 。	然后 , 提出 了 一 种 基 于 语义 相似 的 提炼 算法	1<2	unknown	joint	conjunction
然后 , 提出 了 一 种 基 于 语义 相似 的 提炼 算法	对于 排序 靠后 的 表达 组合 进行 选择 。	1<2	unknown	enablement	purpose
在 提炼 选择 过程 中 ,	充分 考虑 实体 之间 和 情感 词 之间 的 约束 。	1>2	unknown	temporal	temporal
然后 , 提出 了 一 种 基 于 语义 相似 的 提炼 算法	充分 考虑 实体 之间 和 情感 词 之间 的 约束 。	1<2	unknown	elab-addition	elaboration
充分 考虑 实体 之间 和 情感 词 之间 的 约束 。	最后 , 该文 在 三 种 大 规模 不同 领域 的 语料 上 进行 实验 ,	1<2	unknown	joint	conjunction
最后 , 该文 在 三 种 大 规模 不同 领域 的 语料 上 进行 实验 ,	并 进行 人工 评价 。	1<2	unknown	joint	conjunction
评价 结果 表明 ,	从 三 个 领域 数据 集上 获取 的 实体 情感 表达 组合 正确 率 均 高 于 90% 。	1>2	unknown	attribution	attribution
该文 主要 研究 如何 从 大 规模 文本 语料 中 自动 获取 实体 情感 知识 。	从 三 个 领域 数据 集上 获取 的 实体 情感 表达 组合 正确 率 均 高 于 90% 。	1<2	unknown	evaluation	comment
该文 主要 研究 如何 从 大 规模 文本 语料 中 自动 获取 实体 情感 知识 。	最终 我们 获得 了 一 个 大 规模 情感 知识 词典 ,	1<2	unknown	elab-addition	elaboration
最终 我们 获得 了 一 个 大 规模 情感 知识 词典 ,	包括 约 30万 对 的 情感 表达 组合 。	1<2	unknown	elab-addition	elaboration
神经 机器 翻译 ( NMT ) 是 近 两 年 刚 出现 的 一 种 新型 机器 翻译 方法 ,	因 此 , 该文 的 研究 内容 主要 是 探索 批 、 dropout 和 打乱 这 三 个 因素 在 训练 神经 机器 翻译 模型 中 对 模型 翻译 质量 的 影响 ,	1>2	unknown	bg-goal	frame
神经 机器 翻译 ( NMT ) 是 近 两 年 刚 出现 的 一 种 新型 机器 翻译 方法 ,	是 一 种 端到端 的 翻译 模型 。	1<2	unknown	elab-addition	elaboration
神经 机器 翻译 ( NMT ) 是 近 两 年 刚 出现 的 一 种 新型 机器 翻译 方法 ,	目前 , 影响 NMT 模型 效果 的 因素 有 很多 ,	1<2	unknown	elab-addition	elaboration
目前 , 影响 NMT 模型 效果 的 因素 有 很多 ,	其一 , 当 训练 语料 规模 较大 时 , 梯度 下降 更新 方法 会 对 机器 的 内存 要求 很高 ,	1<2	unknown	elab-enumember	elaboration
其一 , 当 训练 语料 规模 较大 时 , 梯度 下降 更新 方法 会 对 机器 的 内存 要求 很高 ,	因 此 大多 研究 工作 中 采用 随机 梯度 下降 ( SGD ) 的 方法	1<2	unknown	result	causal
因 此 大多 研究 工作 中 采用 随机 梯度 下降 ( SGD ) 的 方法	来 更新 模型 的 训练 参数 ,	1<2	unknown	enablement	purpose
因 此 大多 研究 工作 中 采用 随机 梯度 下降 ( SGD ) 的 方法	即 每 输入 一定 数量 ( 批 : batch ) 的 训练 样例 ,	1<2	unknown	elab-addition	elaboration
即 每 输入 一定 数量 ( 批 : batch ) 的 训练 样例 ,	就 利用 局部 的 训练 样例 更新 一 次 模型 参数 ;	1<2	unknown	elab-addition	elaboration
其一 , 当 训练 语料 规模 较大 时 , 梯度 下降 更新 方法 会 对 机器 的 内存 要求 很高 ,	其二 , 参数 dropout 可以 防止 系统 训练 时 出现 过 拟合 ,	1<2	unknown	joint	conjunction
其二 , 参数 dropout 可以 防止 系统 训练 时 出现 过 拟合 ,	提高 系统 泛化 能力 ;	1<2	unknown	elab-addition	elaboration
其一 , 当 训练 语料 规模 较大 时 , 梯度 下降 更新 方法 会 对 机器 的 内存 要求 很高 ,	其三 , 数据 打乱 ( shuffle ) 也 对 翻译 结果 有 着 重要 影响 。	1<2	unknown	joint	conjunction
因 此 , 该文 的 研究 内容 主要 是 探索 批 、 dropout 和 打乱 这 三 个 因素 在 训练 神经 机器 翻译 模型 中 对 模型 翻译 质量 的 影响 ,	并 得出 以下 三 条 结论 :	1<2	unknown	elab-addition	elaboration
并 得出 以下 三 条 结论 :	一 是 批 的 大 小将 影响 神经 机器 翻译 ( NMT ) 模型 的 收敛 速度 ,	1<2	unknown	elab-enumember	elaboration
一 是 批 的 大 小将 影响 神经 机器 翻译 ( NMT ) 模型 的 收敛 速度 ,	二 是 dropout 可以 提升 神经 机器 翻译 模型 的 性能 ,	1<2	unknown	joint	conjunction
一 是 批 的 大 小将 影响 神经 机器 翻译 ( NMT ) 模型 的 收敛 速度 ,	三 是 数据 打乱 可以 在 一定 程度 上 提升 神经 机器 翻译 ( NMT ) 系统 的 翻译 质量 。	1<2	unknown	joint	conjunction
该文 探讨 了 基 于 RNN 和 CNN 的 蒙汉 神经 机器 翻译 模型 ,	分别 采用 蒙古 语 的 词 模型 、 切分 模型 和 子 词 模型 作 为 翻译 系统 的 输入 信号 ,	1<2	unknown	elab-addition	elaboration
该文 探讨 了 基 于 RNN 和 CNN 的 蒙汉 神经 机器 翻译 模型 ,	并 与 传统 的 基 于 短语 的 SMT 进行 了 比较 分析 。	1<2	unknown	joint	conjunction
实验 结果 表明 ,	子词 模型 可以 有效 地 提高 RNN NMT 和 CNN NMT 的 翻译 质量 。	1>2	unknown	attribution	attribution
该文 探讨 了 基 于 RNN 和 CNN 的 蒙汉 神经 机器 翻译 模型 ,	子词 模型 可以 有效 地 提高 RNN NMT 和 CNN NMT 的 翻译 质量 。	1<2	unknown	evaluation	comment
同时 实验 结果 也 表明 ,	基 于 RNN 的 蒙汉 NMT 模型 的 翻译 性 能 已经 超过 传统 的 基 于 短语 的 蒙汉 SMT 模型 。	1>2	unknown	attribution	attribution
子词 模型 可以 有效 地 提高 RNN NMT 和 CNN NMT 的 翻译 质量 。	基 于 RNN 的 蒙汉 NMT 模型 的 翻译 性 能 已经 超过 传统 的 基 于 短语 的 蒙汉 SMT 模型 。	1<2	unknown	joint	conjunction
﻿自动 问答 技术 是 自然 语言 处理 领域 中 一 个 非常 热门 的 研究 方向 ,	本 文 介绍 了 自动 问答 技术 的 发展 现状 和 自动 问答 系统 中 常用 的 技术 。	1>2	unknown	bg-general	frame
﻿自动 问答 技术 是 自然 语言 处理 领域 中 一 个 非常 热门 的 研究 方向 ,	它 综合 运用 了 各种 自然 语言 处理 技术 。	1<2	unknown	elab-addition	elaboration
本 文 介绍 了 自动 问答 技术 的 发展 现状 和 自动 问答 系统 中 常用 的 技术 。	自动 问答 系统 一般 包括 三 个 主要 组成 部分 :	1<2	unknown	elab-addition	elaboration
自动 问答 系统 一般 包括 三 个 主要 组成 部分 :	问题 分析 、 信息 检索 和 答案 抽取 。	1<2	unknown	elab-enumember	elaboration
自动 问答 系统 一般 包括 三 个 主要 组成 部分 :	本 文 分别 介绍 了 这 三 个 主要 组成 部分 的 主要 功能 和 常用 的 方法 。	1<2	unknown	elab-addition	elaboration
本 文 介绍 了 自动 问答 技术 的 发展 现状 和 自动 问答 系统 中 常用 的 技术 。	最后 还 介绍 了 自动 问答 系统 的 评价 问题 。	1<2	unknown	elab-aspect	elaboration
统计 机器 翻译 可以 通过 统计 方法 预测 出 目标 词 ,	利用 一 种 基 于 门控 单元 循环 神经 网络 结构	1>2	unknown	bg-goal	frame
统计 机器 翻译 可以 通过 统计 方法 预测 出 目标 词 ,	但 没有 充分 理解 原 文 语义 关系 ,	1<2	unknown	elab-addition	elaboration
但 没有 充分 理解 原 文 语义 关系 ,	因而 得到 的 译文 质量 不高 。	1<2	unknown	result	causal
针对 该 问题 ,	利用 一 种 基 于 门控 单元 循环 神经 网络 结构	1>2	unknown	bg-general	frame
利用 一 种 基 于 门控 单元 循环 神经 网络 结构	来 对 蒙汉 神经 机器 翻译 系统 进行 建模 ,	1<2	unknown	enablement	purpose
利用 一 种 基 于 门控 单元 循环 神经 网络 结构	引入 注意 力 机 制	1<2	unknown	joint	conjunction
引入 注意 力 机 制	来 获取 双 语 词语 的 对齐 信息 ,	1<2	unknown	enablement	purpose
并 在 构建 字典 过程 中	对 双 语 词语 进行 词性 标注	1>2	unknown	temporal	temporal
引入 注意 力 机 制	对 双 语 词语 进行 词性 标注	1<2	unknown	joint	conjunction
对 双 语 词语 进行 词性 标注	来 强化 语义 ,	1<2	unknown	enablement	purpose
来 强化 语义 ,	以 此 来 缓解 因 欠 训练 导致 的 错译 问题 。	1<2	unknown	enablement	purpose
实验 结果 表明 ,	该 方法 BLEU 值 得到 一定 的 提升 。	1>2	unknown	attribution	attribution
与 RNN 的 基准 系统 和 传统 的 统计 机器 翻译 方法 相比 ,	该 方法 BLEU 值 得到 一定 的 提升 。	1>2	unknown	comparison	concession
利用 一 种 基 于 门控 单元 循环 神经 网络 结构	该 方法 BLEU 值 得到 一定 的 提升 。	1<2	unknown	evaluation	comment
在 哈萨克 语 句法 分析 中 , 该 文 用 平均 感知 器 算法	训练 句法 分析 模型 ,	1<2	unknown	enablement	purpose
在 哈萨克 语 句法 分析 中 , 该 文 用 平均 感知 器 算法	用 柱 搜索 算法 进行 解码 ,	1<2	unknown	joint	conjunction
在 哈萨克 语 句法 分析 中 , 该 文 用 平均 感知 器 算法	可以 快速 准确 地 对 哈萨克 语 句子 进行 短语 结构 句法 分析 。	1<2	unknown	elab-addition	elaboration
在 哈萨克 语 句法 分析 中 , 该 文 用 平均 感知 器 算法	在 解析 句子 过程 中 , 构建 了 一 个 双 向 LSTM 模型 ,	1<2	unknown	elab-addition	elaboration
在 解析 句子 过程 中 , 构建 了 一 个 双 向 LSTM 模型 ,	利 用 它 提取 句子 中 每个 单词 之间 组成 结构 的 信息 ,	1<2	unknown	elab-addition	elaboration
利 用 它 提取 句子 中 每个 单词 之间 组成 结构 的 信息 ,	以 预测 每个 单词 在 句法 树 中 的 句法 组成 部分 ,	1<2	unknown	enablement	purpose
在 解析 句子 过程 中 , 构建 了 一 个 双 向 LSTM 模型 ,	然后 将 结果 作 为 辅助 前瞻 特征 传递 给 句法 分析 过程 。	1<2	unknown	joint	conjunction
实验 证明 ,	在 准确 率 和 召回 率 上 均 有 提高 。	1>2	unknown	attribution	attribution
此 方法 与 基线 模型 相比 ,	在 准确 率 和 召回 率 上 均 有 提高 。	1>2	unknown	comparison	concession
在 哈萨克 语 句法 分析 中 , 该 文 用 平均 感知 器 算法	在 准确 率 和 召回 率 上 均 有 提高 。	1<2	unknown	evaluation	comment
我们 周围 充满 了 各种 网络 ;	该文 将 尝试 运用 类似 于 分析 社交 网络 的 方法	1>2	unknown	bg-general	frame
按照 相似 的 内在 机理 ,	可以 将 它们 分 为 物理 网络 和 信息 网络 。	1>2	unknown	bg-general	frame
我们 周围 充满 了 各种 网络 ;	可以 将 它们 分 为 物理 网络 和 信息 网络 。	1<2	unknown	elab-addition	elaboration
我们 周围 充满 了 各种 网络 ;	对于 具有 明显 物理 特征 的 网络 , 我们 可以 运用 物理 常识 解释 其 内部 结构 或 节点 的 性质 ;	1<2	unknown	elab-addition	elaboration
对于 具有 明显 物理 特征 的 网络 , 我们 可以 运用 物理 常识 解释 其 内部 结构 或 节点 的 性质 ;	而 对于 信息 网络 , 我们 往往 需要 结合 一些 先验 知识 去 理解 ,	1<2	unknown	joint	conjunction
而 对于 信息 网络 , 我们 往往 需要 结合 一些 先验 知识 去 理解 ,	社交 网络 正是 这样 一 个 例子 。	1<2	unknown	elab-addition	elaboration
而 对于 信息 网络 , 我们 往往 需要 结合 一些 先验 知识 去 理解 ,	然而 , 对于 那些 并非 具有 显著 物理 或 社交 背景 的 网络 , 以往 并 没有 明确 的 分析 思路 和 方法 。	1<2	unknown	elab-addition	elaboration
该文 将 尝试 运用 类似 于 分析 社交 网络 的 方法	去 分析 电信 CSB 业务 系统 服务 器 集群 上 的 进程 网络 ;	1<2	unknown	enablement	purpose
去 分析 电信 CSB 业务 系统 服务 器 集群 上 的 进程 网络 ;	具体 地 预测 进程 网络 中 节点 的 崩溃 ( 故障 ) 状态 。	1<2	unknown	joint	conjunction
该文 将 尝试 运用 类似 于 分析 社交 网络 的 方法	在 这 个 特定 的 进程 网络 上 , 这 种 建模 和 分析 思路 得到 了 较为 可信 的 结果 ;	1<2	unknown	evaluation	comment
研究 表明 ,	进程 节点 的 运行 信息 ( 如 CPU 和 内存 使用 率 ) 、 进程 间 的 通信 情况 以及 进程 节点 在 整个 网络 中 的 结构 特征 对于 判断 该 节点 的 状态 具有 一定 的 指导 价值 ,	1>2	unknown	attribution	attribution
在 这 个 特定 的 进程 网络 上 , 这 种 建模 和 分析 思路 得到 了 较为 可信 的 结果 ;	进程 节点 的 运行 信息 ( 如 CPU 和 内存 使用 率 ) 、 进程 间 的 通信 情况 以及 进程 节点 在 整个 网络 中 的 结构 特征 对于 判断 该 节点 的 状态 具有 一定 的 指导 价值 ,	1<2	unknown	joint	conjunction
进程 节点 的 运行 信息 ( 如 CPU 和 内存 使用 率 ) 、 进程 间 的 通信 情况 以及 进程 节点 在 整个 网络 中 的 结构 特征 对于 判断 该 节点 的 状态 具有 一定 的 指导 价值 ,	而 上述 特征 在 时间 维度 上 的 变化 量 同样 反映 了 进程 / 端口 的 状态 。	1<2	unknown	joint	conjunction
复杂 网络 中 节点 之间 的 连接 强度 会 在 很大 程度 上 影响 网络 的 社区 结构 ,	提出 了 一 种 改进 的 节点 相关 度 度量 准则 。	1>2	unknown	bg-general	frame
复杂 网络 中 节点 之间 的 连接 强度 会 在 很大 程度 上 影响 网络 的 社区 结构 ,	利用 权重 来 刻画 连接 强度 的 差异 性 , 并 将 其 应用 到 社区 发现 研究 中 具有 重要 的 意义 。	1<2	unknown	elab-addition	elaboration
针 对 目前 有权 网络 的 社区 发现 方法 存在 的 不足 ,	提出 了 一 种 改进 的 节点 相关 度 度量 准则 。	1>2	unknown	bg-general	frame
该文 结合 节点 的 直接 连边 权重 和 基 于 共同 邻居 节点 的 连边 权重 ,	提出 了 一 种 改进 的 节点 相关 度 度量 准则 。	1>2	unknown	manner-means	mode
进 一 步 基 于 这 种 改进 的 节点 相关 度 度量 准则 和 团体 之间 的 聚集 方法 ,	构建 了 面向 有权 网络 的 社区 发现 模型 。	1>2	unknown	bg-general	frame
提出 了 一 种 改进 的 节点 相关 度 度量 准则 。	构建 了 面向 有权 网络 的 社区 发现 模型 。	1<2	unknown	progression	organization
提出 了 一 种 改进 的 节点 相关 度 度量 准则 。	分别 在 有 权值 的 科学 家 合作 网络 和 全国 列车 网络 数据 集上 进行 了 社区 发现 实验 ,	1<2	unknown	evaluation	comment
分别 在 有 权值 的 科学 家 合作 网络 和 全国 列车 网络 数据 集上 进行 了 社区 发现 实验 ,	结果 表明 了 方法 的 有效 性 。	1<2	unknown	elab-addition	elaboration
谣言 或 疾病 的 扩散 均 可 模拟 为 传播 源 在 网络 中 的 传播 ,	该文 分析 了 随机 、 度 、 聚类 系数 、 特征 向量 、 紧密 度 以及 介数 等 观察 点 部署 策略 对 传染 源 估计 的 影响 。	1>2	unknown	bg-general	frame
谣言 或 疾病 的 扩散 均 可 模拟 为 传播 源 在 网络 中 的 传播 ,	如何 在 网络 中 估计 传播 源 位置 是 一 项 具有 挑战 性 的 任务 。	1<2	unknown	elab-addition	elaboration
如何 在 网络 中 估计 传播 源 位置 是 一 项 具有 挑战 性 的 任务 。	该任务 往往 根据 部分 观察 点 推断 传播 源 的 位置 ,	1<2	unknown	elab-addition	elaboration
该任务 往往 根据 部分 观察 点 推断 传播 源 的 位置 ,	故 如何 有效 的 选择 观察 点 对 准确 定位 传播 源 位置 至关 重要 。	1<2	unknown	result	causal
该文 分析 了 随机 、 度 、 聚类 系数 、 特征 向量 、 紧密 度 以及 介数 等 观察 点 部署 策略 对 传染 源 估计 的 影响 。	在 实验 中 , 采用 SI 传播 模型 和 反向 贪心 算法	1<2	unknown	elab-addition	elaboration
在 实验 中 , 采用 SI 传播 模型 和 反向 贪心 算法	估计 传播 源 在 三 类 合成 网络 和 四 个 真实 网络 进行 模拟 仿真 ,	1<2	unknown	enablement	purpose
实验 结果 表明	采用 特征 向量 的 观察 点 部署 策略 更 有利 于 提高 传播 源 估计 的 精度 。	1>2	unknown	attribution	attribution
该文 分析 了 随机 、 度 、 聚类 系数 、 特征 向量 、 紧密 度 以及 介数 等 观察 点 部署 策略 对 传染 源 估计 的 影响 。	采用 特征 向量 的 观察 点 部署 策略 更 有利 于 提高 传播 源 估计 的 精度 。	1<2	unknown	evaluation	comment
该文 主要 研究 在 评论 性 数据 中 用户 个性 及 产品 信息 对 数据 情感 类别 的 影响 。	在 影响 数据 情感 类型 的 众多 因素 中 , 该文 认为 评价 的 主体 即 用户 以及 被 评价 的 对象 等 信息 对 评论 数据 的 情感 至关重要 。	1<2	unknown	elab-addition	elaboration
该文 主要 研究 在 评论 性 数据 中 用户 个性 及 产品 信息 对 数据 情感 类别 的 影响 。	该文 提出 一 种 基 于 协同 过滤 Attention 机制 的 情感 分析 方法 ( LSTM-CFA ) ,	1<2	unknown	elab-addition	elaboration
该文 提出 一 种 基 于 协同 过滤 Attention 机制 的 情感 分析 方法 ( LSTM-CFA ) ,	使用 协同 过滤 ( CF ) 算法	1<2	unknown	elab-process_step	elaboration
使用 协同 过滤 ( CF ) 算法	计算 出 用户 兴趣 分布 矩阵 ,	1<2	unknown	enablement	purpose
使用 协同 过滤 ( CF ) 算法	再 将 矩阵 利用 SVD 分解 后 加入 层次 LSTM 模型 ,	1<2	unknown	joint	conjunction
再 将 矩阵 利用 SVD 分解 后 加入 层次 LSTM 模型 ,	作 为 模型 注意 力 机制 提取 文档 特征 、 实现 情感 分类 。	1<2	unknown	elab-addition	elaboration
实验 表明	LSTM-CFA 方法 能够 高效 提取 用户 个性 与 产品 属性 信息 ,	1>2	unknown	attribution	attribution
该文 主要 研究 在 评论 性 数据 中 用户 个性 及 产品 信息 对 数据 情感 类别 的 影响 。	LSTM-CFA 方法 能够 高效 提取 用户 个性 与 产品 属性 信息 ,	1<2	unknown	evaluation	comment
LSTM-CFA 方法 能够 高效 提取 用户 个性 与 产品 属性 信息 ,	显著 提升 了 情感 分类 的 准确 率 。	1<2	unknown	elab-addition	elaboration
该文 提出 了 一 种 面向 商品 评论 的 二 元 情感 认知 模型 。	该 模型 由 “ 二 元 情感 常识 库 ” 、 “ 评价 体系 知识 库 ” 和 “ 情感 分析 引擎 ” 三 个 主要 模块 组成 。	1<2	unknown	elab-addition	elaboration
该文 提出 了 一 种 面向 商品 评论 的 二 元 情感 认知 模型 。	其 特点 体现 为 :	1<2	unknown	elab-addition	elaboration
其 特点 体现 为 :	( 1 ) 模型 通过 大 规模 评论 文本 学习 领域 先验 知识 ,	1<2	unknown	elab-enumember	elaboration
( 1 ) 模型 通过 大 规模 评论 文本 学习 领域 先验 知识 ,	将 其 存储 在 知识 库 中 ,	1<2	unknown	enablement	purpose
将 其 存储 在 知识 库 中 ,	便 于 知识 的 修正 和 重用 ,	1<2	unknown	elab-addition	elaboration
( 1 ) 模型 通过 大 规模 评论 文本 学习 领域 先验 知识 ,	体现 了 模型 的 认知 能力 ;	1<2	unknown	elab-addition	elaboration
( 1 ) 模型 通过 大 规模 评论 文本 学习 领域 先验 知识 ,	( 2 ) 模型 不仅 能够 挖掘 评论 文本 中 出现 的 显式 评价 观点 ,	1<2	unknown	joint	conjunction
( 2 ) 模型 不仅 能够 挖掘 评论 文本 中 出现 的 显式 评价 观点 ,	还 能 借助 领域 知识	1<2	unknown	joint	conjunction
还 能 借助 领域 知识	进行 情感 推断 ,	1<2	unknown	enablement	purpose
进行 情感 推断 ,	发现 更高 层次 的 用户 情感 。	1<2	unknown	joint	conjunction
该文 提出 了 一 种 面向 商品 评论 的 二 元 情感 认知 模型 。	该文 给出 了 构建 “ 二 元 情感 常识 库 ” 和 “ 评价 体系 知识 库 ” 的 相关 算法 ,	1<2	unknown	elab-addition	elaboration
该文 给出 了 构建 “ 二 元 情感 常识 库 ” 和 “ 评价 体系 知识 库 ” 的 相关 算法 ,	并 介绍 了 “ 情感 分析 引擎 ” 在 观点 挖掘 和 情感 推断 中 的 应用 。	1<2	unknown	joint	conjunction
该文 提出 了 一 种 面向 商品 评论 的 二 元 情感 认知 模型 。	在 商品 评论 语料 集 上 的 实验 验证 了 该 模型 的 有效 性 。	1<2	unknown	evaluation	comment
﻿句子 间 相似 度 的 计算 在 自然 语言 处理 的 各个 领域 都 占有 很 重要 的 地位 ,	在 多 文档 自动 文摘 技术 中 , 句子 间 相似 度 的 计算 是 一 个 关键 的 问题 。	1<2	unknown	elab-addition	elaboration
由于 汉 语 句子 的 表达 形式 是 多种多样 的 ,	必须 深入 到 语义 一级	1>2	unknown	cause	causal
要 准确 地 刻画 一 个 句子 所 表达 的 意思 ,	必须 深入 到 语义 一级	1>2	unknown	enablement	purpose
在 多 文档 自动 文摘 技术 中 , 句子 间 相似 度 的 计算 是 一 个 关键 的 问题 。	必须 深入 到 语义 一级	1<2	unknown	elab-addition	elaboration
必须 深入 到 语义 一级	并 结合 语法 结构 信息 ,	1<2	unknown	joint	conjunction
必须 深入 到 语义 一级	由 此 提出 了 一 种 基 于 语义 依存 的 汉 语 句子 相似 度 计算 的 方法 ,	1<2	unknown	elab-addition	elaboration
由 此 提出 了 一 种 基 于 语义 依存 的 汉 语 句子 相似 度 计算 的 方法 ,	该 方法 取得 了 令 人 满意 的 实验 效果 。	1<2	unknown	evaluation	comment
为了 避免 基 于 传统 机器 学习 的 中 文 文本 蕴含 识别 方法 需要 人工 筛选 大量 特征 以及 使用 多 种 自然 语言 处理 工具 造成 的 错误 累计 问题 ,	该文 提出 了 基 于 CNN 与 双 向 LSTM 的 中 文 文本 蕴含 识别 方法 。	1>2	unknown	bg-goal	frame
该文 提出 了 基 于 CNN 与 双 向 LSTM 的 中 文 文本 蕴含 识别 方法 。	该 方法 使用 CNN 与 双 向 LSTM	1<2	unknown	elab-process_step	elaboration
该 方法 使用 CNN 与 双 向 LSTM	分别 对 句子 进行 编码 ,	1<2	unknown	enablement	purpose
该 方法 使用 CNN 与 双 向 LSTM	自动 提取 相关 特征 ,	1<2	unknown	joint	conjunction
自动 提取 相关 特征 ,	然后 使用 全 连接 层	1<2	unknown	joint	conjunction
然后 使用 全 连接 层	进行 分类 得到 初步 的 识别 结果 ,	1<2	unknown	enablement	purpose
然后 使用 全 连接 层	最后 使用 语义 规则	1<2	unknown	joint	conjunction
最后 使用 语义 规则	对 网络 识别 结果 进行 修正 ,	1<2	unknown	enablement	purpose
对 网络 识别 结果 进行 修正 ,	得到 最终 的 蕴含 识别 结果 。	1<2	unknown	elab-addition	elaboration
该 方法 使用 CNN 与 双 向 LSTM	在 2014 年 RITE-VAL 评测 任务 的 数据 集上 MacroF1 结果 为 61.74% ,	1<2	unknown	evaluation	comment
在 2014 年 RITE-VAL 评测 任务 的 数据 集上 MacroF1 结果 为 61.74% ,	超过 评测 第一 名 的 结果 61.51% 。	1<2	unknown	elab-addition	elaboration
实验 结果 表明 ,	该 方法 对于 中 文 文本 蕴含 识别 是 有效 的 。	1>2	unknown	attribution	attribution
在 2014 年 RITE-VAL 评测 任务 的 数据 集上 MacroF1 结果 为 61.74% ,	该 方法 对于 中 文 文本 蕴含 识别 是 有效 的 。	1<2	unknown	elab-addition	elaboration
笑话 作 为 国家 级 非 物质 文化 遗产 , 历史 悠久 ,	该 文 构 建 的 大 规模 中 文笑话 语料 库 为 人工 智能 以及 语言 学 研究 提供 了 有利 的 资源 支撑 。	1>2	unknown	bg-general	frame
笑话 作 为 国家 级 非 物质 文化 遗产 , 历史 悠久 ,	普遍 存在 于 人们 的 日常 生活 中 ,	1<2	unknown	elab-addition	elaboration
笑话 作 为 国家 级 非 物质 文化 遗产 , 历史 悠久 ,	是 最 贴近 人们 生活 的 艺术 体裁 之 一 ,	1<2	unknown	elab-addition	elaboration
笑话 作 为 国家 级 非 物质 文化 遗产 , 历史 悠久 ,	笑话 的 理解 也是 人工 智能 发展 需要 攻克 的 难题 之 一 。	1<2	unknown	elab-addition	elaboration
该 文 构 建 的 大 规模 中 文笑话 语料 库 为 人工 智能 以及 语言 学 研究 提供 了 有利 的 资源 支撑 。	该文 首先 归纳 总结 笑话 语料 库 所 依据 的 笑话 相关 理论 基础 ,	1<2	unknown	elab-process_step	elaboration
该文 首先 归纳 总结 笑话 语料 库 所 依据 的 笑话 相关 理论 基础 ,	然后 对 语料 库 构建 中 语料 标注 、 语料 分析 等 工作 做 了 详细 的 介绍 ,	1<2	unknown	joint	conjunction
最后 在 语料 库 的 基础 上 ,	分别 将 笑话 与 故事 、 微博 、 歇后 语 / 谚语 以及 新闻 四 种 体裁 分别 做 了 识别 工作 ,	1>2	unknown	bg-general	frame
然后 对 语料 库 构建 中 语料 标注 、 语料 分析 等 工作 做 了 详细 的 介绍 ,	分别 将 笑话 与 故事 、 微博 、 歇后 语 / 谚语 以及 新闻 四 种 体裁 分别 做 了 识别 工作 ,	1<2	unknown	joint	conjunction
分别 将 笑话 与 故事 、 微博 、 歇后 语 / 谚语 以及 新闻 四 种 体裁 分别 做 了 识别 工作 ,	验证 了 笑话 简洁 、 具有 一定 的 情节 、 富含 情感 等 特征 。	1<2	unknown	elab-addition	elaboration
分别 将 笑话 与 故事 、 微博 、 歇后 语 / 谚语 以及 新闻 四 种 体裁 分别 做 了 识别 工作 ,	同时 通过 与 等长 的 负例 构成 的 数据 集 进行 笑话 识别 ,	1<2	unknown	joint	conjunction
同时 通过 与 等长 的 负例 构成 的 数据 集 进行 笑话 识别 ,	验证 了 所 提出 特征 的 有效 性 。	1<2	unknown	elab-addition	elaboration
神经 机器 翻译 是 目前 机器 翻译 领域 最热门 的 研究 方法 。	该 文 利用 数据 增强 技术	1>2	unknown	bg-goal	frame
和 统计 机器 翻译 相比 ,	神经 机器 翻译 在 语料 丰富 的 语种 上 可以 取得 非 常好 的 结果 ,	1>2	unknown	comparison	concession
神经 机器 翻译 是 目前 机器 翻译 领域 最热门 的 研究 方法 。	神经 机器 翻译 在 语料 丰富 的 语种 上 可以 取得 非 常好 的 结果 ,	1<2	unknown	elab-addition	elaboration
神经 机器 翻译 在 语料 丰富 的 语种 上 可以 取得 非 常好 的 结果 ,	但是 在 资源 比较 稀缺 的 语种 上 表现 一般 。	1<2	unknown	contrast	contrast
该 文 利用 数据 增强 技术	对 资源 贫乏 语种 的 训练 数据 进行 扩充 ,	1<2	unknown	enablement	purpose
对 资源 贫乏 语种 的 训练 数据 进行 扩充 ,	以 此 增强 神经 机器 翻译 的 泛化 能力 。	1<2	unknown	enablement	purpose
该 文 利用 数据 增强 技术	该文 在 藏 汉 、 汉 英 两 种 语言 对上 进行 了 实验 ,	1<2	unknown	elab-addition	elaboration
当 训练 数据 规模 只有 10万 平行 句 对时 ,	在 两 种 语言 对上 均 获得 了 4 个 BLEU 值 的 提高 。	1>2	unknown	temporal	temporal
相较 于 基准 系统 ,	在 两 种 语言 对上 均 获得 了 4 个 BLEU 值 的 提高 。	1>2	unknown	comparison	concession
该文 在 藏 汉 、 汉 英 两 种 语言 对上 进行 了 实验 ,	在 两 种 语言 对上 均 获得 了 4 个 BLEU 值 的 提高 。	1<2	unknown	elab-addition	elaboration
实验 表明 ,	数据 增强 技术 可以 有效 地 解决 神经 机器 翻译 因为 训练 数据 太少 而 导致 的 泛化 能力 不足 问题 。	1>2	unknown	attribution	attribution
该 文 利用 数据 增强 技术	数据 增强 技术 可以 有效 地 解决 神经 机器 翻译 因为 训练 数据 太少 而 导致 的 泛化 能力 不足 问题 。	1<2	unknown	evaluation	comment
数据 并行 训练 神经 语言 模型 ,	该文 通过 实验 对比 All-Reduce 算法 和 基 于 采样 的 梯度 更新 策略 在 数据 传输 上 的 加速 效果 ,	1>2	unknown	bg-general	frame
数据 并行 训练 神经 语言 模型 ,	旨 在 不 改变 网络 结构 的 同时 ,	1<2	unknown	elab-addition	elaboration
旨 在 不 改变 网络 结构 的 同时 ,	大 幅度 降低 训练 所 带来 的 时间 消耗 。	1<2	unknown	joint	conjunction
旨 在 不 改变 网络 结构 的 同时 ,	但 由于 多 设备 之间 频繁 的 数据 传输 , 使得 整体 加速 效果 并 不 理想 。	1<2	unknown	contrast	contrast
该文 通过 实验 对比 All-Reduce 算法 和 基 于 采样 的 梯度 更新 策略 在 数据 传输 上 的 加速 效果 ,	使用 了 四 块 NVIDIA TIT AN X ( Pascal ) GPU 设备	1<2	unknown	elab-addition	elaboration
使用 了 四 块 NVIDIA TIT AN X ( Pascal ) GPU 设备	在 循环 神经 语言 模型 上 进行 训练 ,	1<2	unknown	enablement	purpose
该文 通过 实验 对比 All-Reduce 算法 和 基 于 采样 的 梯度 更新 策略 在 数据 传输 上 的 加速 效果 ,	两 种 方法 分别 可 获得 约 25% 和 41% 的 速度 提升 。	1<2	unknown	evaluation	comment
该文 通过 实验 对比 All-Reduce 算法 和 基 于 采样 的 梯度 更新 策略 在 数据 传输 上 的 加速 效果 ,	同时 , 该文 还 针对 数据 并行 方法 的 适用 性 以及 不同 的 硬件 设备 连接 方式 对 传输 速度 的 影响 进行 了 讨论 。	1<2	unknown	elab-addition	elaboration
该 文针 对 传统 蒙古 文 与 西里尔蒙古 文 设计 开发 了 一 个 功能 完备 的 信息 检索 系统 。	在 网页 抓取 方面 , 采用 MD5 算法 对 爬虫 进行 了 改进 ,	1<2	unknown	elab-aspect	elaboration
在 网页 抓取 方面 , 采用 MD5 算法 对 爬虫 进行 了 改进 ,	提升 了 爬虫 的 速度 。	1<2	unknown	elab-addition	elaboration
在 网页 抓取 方面 , 采用 MD5 算法 对 爬虫 进行 了 改进 ,	在 预 处理 阶段 , 对 蒙古 文 文档 进行 了 编码 转换 、 词缀 切分 转换 等 操作 。	1<2	unknown	joint	conjunction
在 网页 抓取 方面 , 采用 MD5 算法 对 爬虫 进行 了 改进 ,	在 检索 方面 , 使用 向量 空间 模型 实现 了 对 蒙古 文 文档 的 检索 。	1<2	unknown	joint	conjunction
该 文针 对 传统 蒙古 文 与 西里尔蒙古 文 设计 开发 了 一 个 功能 完备 的 信息 检索 系统 。	在 该 文 系统 中 加入 了 西里尔蒙古 文 到 传统 蒙古 文 转换 和 更新 统计 等 模块 ,	1<2	unknown	elab-addition	elaboration
在 该 文 系统 中 加入 了 西里尔蒙古 文 到 传统 蒙古 文 转换 和 更新 统计 等 模块 ,	最终 搭建 了 一 个 可以 达到 应用 要求 的 蒙古 文 信息 检索 系统 。	1<2	unknown	elab-addition	elaboration
由于 哈萨克 语构 词法 的 特点 ,	该 文 采用 实验 语音 学 的 基本 理论 和 方法 ,	1>2	unknown	bg-general	frame
由于 哈萨克 语构 词法 的 特点 ,	九 个 元音 的 声频 特性 在 语音 识别 中 具有 重要 的 作用 。	1<2	unknown	result	causal
该 文 采用 实验 语音 学 的 基本 理论 和 方法 ,	研究 了 哈萨克 语 多 音 节 词 中 的 元 音 格局 。	1<2	unknown	enablement	purpose
针 对 从 语音 库 中 挑选 的 1 062 个 多 音 节 词 ,	分别 对 其 词首 、 词腹 和 词尾 音节 中 的 元音 共振 峰频 率 值 进行 统计 ,	1>2	unknown	bg-general	frame
研究 了 哈萨克 语 多 音 节 词 中 的 元 音 格局 。	分别 对 其 词首 、 词腹 和 词尾 音节 中 的 元音 共振 峰频 率 值 进行 统计 ,	1<2	unknown	elab-addition	elaboration
分别 对 其 词首 、 词腹 和 词尾 音节 中 的 元音 共振 峰频 率 值 进行 统计 ,	并 采用 Joos 方法 详细 地 归纳 和 分析 了 哈萨克 语 词首 、 词腹 和 词尾 音节 元 音格 局 以及 存在 的 差异 ,	1<2	unknown	joint	conjunction
并 采用 Joos 方法 详细 地 归纳 和 分析 了 哈萨克 语 词首 、 词腹 和 词尾 音节 元 音格 局 以及 存在 的 差异 ,	绘制 出 了 哈萨克 语 多 音节 词 元音 的 共 振峰 模式 。	1<2	unknown	enablement	purpose
该 文 采用 实验 语音 学 的 基本 理论 和 方法 ,	该项 研究 结果 对 哈萨克 语 的 语音 研究 及 应用 具有 较高 的 参考 价值 。	1<2	unknown	elab-addition	elaboration
随 着 藏 语 语音 合成 研究 的 深入 ,	藏 语 同形 异音 词 的 读音 问题 成 为 影响 合成 系统 自然 度 和 可懂 度 的 主要 障碍 。	1>2	unknown	bg-general	frame
藏 语 同形 异音 词 的 读音 问题 成 为 影响 合成 系统 自然 度 和 可懂 度 的 主要 障碍 。	共 收集 整理 了 465 个 同形 异 音词 ,	1>2	unknown	bg-general	frame
藏 语 同形 异音 词 的 读音 问题 成 为 影响 合成 系统 自然 度 和 可懂 度 的 主要 障碍 。	藏 语 同形 异 音词 与 汉 语 中 多 音词 的 性质 有 所 不同 ,	1<2	unknown	elab-addition	elaboration
藏 语 同形 异 音词 与 汉 语 中 多 音词 的 性质 有 所 不同 ,	仅仅 依靠 词典 不 一定 能 解决 问题 。	1<2	unknown	elab-addition	elaboration
该文 从 藏 语 本身 独有 的 语言 规则 和 语音 特点 出发 ,	共 收集 整理 了 465 个 同形 异 音词 ,	1>2	unknown	manner-means	mode
该文 从 藏 语 本身 独有 的 语言 规则 和 语音 特点 出发 ,	依据 《 藏 汉 大 词典 》 ,	1<2	unknown	elab-addition	elaboration
依据 《 藏 汉 大 词典 》 ,	在 其 所 列出 的 常用 藏 语 同形 异音 词 的 基础 上 ,	1<2	unknown	elab-addition	elaboration
共 收集 整理 了 465 个 同形 异 音词 ,	然后 从 372320 个 句子 文本 中 统计 出 了 同 形异 音词 在 藏 语 文本 中 的 出现 频率 及 不同 读音 的 使用 频率 ,	1<2	unknown	joint	conjunction
然后 从 372320 个 句子 文本 中 统计 出 了 同 形异 音词 在 藏 语 文本 中 的 出现 频率 及 不同 读音 的 使用 频率 ,	并 深度 辨析 了 藏 语 同形异 音词 的 构词 形式 、 分类 以及 在 具体 文本 中 出现 的 形式 ,	1<2	unknown	joint	conjunction
最后 结合 实例	提出 了 具体 的 消歧 方法 及 实验 结果 ,	1>2	unknown	bg-general	frame
并 深度 辨析 了 藏 语 同形异 音词 的 构词 形式 、 分类 以及 在 具体 文本 中 出现 的 形式 ,	提出 了 具体 的 消歧 方法 及 实验 结果 ,	1<2	unknown	joint	conjunction
共 收集 整理 了 465 个 同形 异 音词 ,	为 语音 合成 系统 的 前端 文本 分析 模块 提供 了 有力 依据 。	1<2	unknown	elab-addition	elaboration
近年 来 , 随 着 人们 对 历史 和 传统 文化 的 保护 和 传承 越来越 重视 ,	该文 提出 了 一 种 基 于 卷积 降噪 自 编码 器 的 藏 文 历史 文献 版 面 分析 方法 。	1>2	unknown	bg-general	frame
近年 来 , 随 着 人们 对 历史 和 传统 文化 的 保护 和 传承 越来越 重视 ,	研究 人员 对 历史 文献 数字 化 的 兴趣 也 越来越 高涨 。	1<2	unknown	elab-addition	elaboration
版面 分析 是 历史 文献 数字 化 的 重要 基础 步骤 ,	该文 提出 了 一 种 基 于 卷积 降噪 自 编码 器 的 藏 文 历史 文献 版 面 分析 方法 。	1>2	unknown	bg-general	frame
该文 提出 了 一 种 基 于 卷积 降噪 自 编码 器 的 藏 文 历史 文献 版 面 分析 方法 。	首先 , 将 藏 文 历史 文 献图 像 进行 超 像素 聚类 获得 超 像素 块 ;	1<2	unknown	elab-process_step	elaboration
首先 , 将 藏 文 历史 文 献图 像 进行 超 像素 聚类 获得 超 像素 块 ;	然后 , 利用 卷积 降噪 自编码 器	1<2	unknown	joint	conjunction
然后 , 利用 卷积 降噪 自编码 器	提取 超 像素 块 的 特征 ;	1<2	unknown	enablement	purpose
然后 , 利用 卷积 降噪 自编码 器	最后 , 使用 SVM 分类 器	1<2	unknown	joint	conjunction
最后 , 使用 SVM 分类 器	对 藏 文 历史 文献 的 超 像素 块 进行 分类 预测 ,	1<2	unknown	enablement	purpose
对 藏 文 历史 文献 的 超 像素 块 进行 分类 预测 ,	从而 提取 出 藏 文 历史 文献 版面 的 各个 部分 。	1<2	unknown	enablement	purpose
在 藏 文 历史 文献 数据 集 上 的 实验 表明 ,	该 方法 能够 对 藏 文 历史 文献 的 不同 版面 元素 进行 有效 的 分离 。	1>2	unknown	attribution	attribution
该文 提出 了 一 种 基 于 卷积 降噪 自 编码 器 的 藏 文 历史 文献 版 面 分析 方法 。	该 方法 能够 对 藏 文 历史 文献 的 不同 版面 元素 进行 有效 的 分离 。	1<2	unknown	evaluation	comment
文本 摘要 旨 在 实现 从 海量 的 文本 数据 中 快速 准确 地 获取 关键 信息 。	该文 将 文句 中 的 关键 词 嵌入 知识 网络 进行 建模 ,	1>2	unknown	bg-goal	frame
为 探索 新颖 的 摘要 句 特征 因素 ,	该文 将 文句 中 的 关键 词 嵌入 知识 网络 进行 建模 ,	1>2	unknown	enablement	purpose
该文 将 文句 中 的 关键 词 嵌入 知识 网络 进行 建模 ,	并 将 文句 映射 至 知识 网络 进行 表达 ,	1<2	unknown	joint	conjunction
并 将 文句 映射 至 知识 网络 进行 表达 ,	进而 提出 文句 的 关键 词 建构 渗透 度 特征 模型 ,	1<2	unknown	progression	organization
进而 提出 文句 的 关键 词 建构 渗透 度 特征 模型 ,	在 摘要 句 判别 中 引入 文句 中 关键 词组 的 宽度 和 深度 的 渗透 特性 。	1<2	unknown	elab-addition	elaboration
结合 最大 熵 建模 分类 方法 ,	针 对 领域 语料 库 进行 不同 特征 的 影响 系数 建模 ,	1>2	unknown	bg-general	frame
该文 将 文句 中 的 关键 词 嵌入 知识 网络 进行 建模 ,	针 对 领域 语料 库 进行 不同 特征 的 影响 系数 建模 ,	1<2	unknown	elab-addition	elaboration
针 对 领域 语料 库 进行 不同 特征 的 影响 系数 建模 ,	实现 了 监督 学习 下 摘要 句 的 有效 分类 和 自动 提取 。	1<2	unknown	elab-addition	elaboration
该文 将 文句 中 的 关键 词 嵌入 知识 网络 进行 建模 ,	文中 实验 结果 良好 ,	1<2	unknown	evaluation	comment
表明 了	新 特征 模型 的 有效 性 和 在 领域 语料 库 中 的 稳定 性 ,	1>2	unknown	attribution	attribution
文中 实验 结果 良好 ,	新 特征 模型 的 有效 性 和 在 领域 语料 库 中 的 稳定 性 ,	1<2	unknown	elab-addition	elaboration
新 特征 模型 的 有效 性 和 在 领域 语料 库 中 的 稳定 性 ,	且 特征 计算 方法 简洁 ,	1<2	unknown	joint	conjunction
且 特征 计算 方法 简洁 ,	具有 良好 的 综合 实用 性 。	1<2	unknown	elab-addition	elaboration
蛋 白质 关系 抽取 研究 对于 生命 科学 各 领域 的 研究 具有 广泛 的 应用 价值 。	该文 提出 了 一 种 混合 机器 学习 和 规则 方法 的 蛋白 质 关系 抽取 框架 。	1>2	unknown	bg-general	frame
蛋 白质 关系 抽取 研究 对于 生命 科学 各 领域 的 研究 具有 广泛 的 应用 价值 。	但是 , 基 于 机器 学习 的 蛋白质 关系 抽取 方法 普遍 停留 在 二 元 关系 抽取 ,	1<2	unknown	contrast	contrast
但是 , 基 于 机器 学习 的 蛋白质 关系 抽取 方法 普遍 停留 在 二 元 关系 抽取 ,	失去 了 丰富 的 关系 类型 信息 ,	1<2	unknown	elab-addition	elaboration
但是 , 基 于 机器 学习 的 蛋白质 关系 抽取 方法 普遍 停留 在 二 元 关系 抽取 ,	而 基 于 规则 的 开放 式 信息 抽取 方法 可以 抽取 完整 的 蛋白质 关系 ( “ 蛋白质 1 , 关系 词 , 蛋白质 2 ” ) ,	1<2	unknown	joint	conjunction
而 基 于 规则 的 开放 式 信息 抽取 方法 可以 抽取 完整 的 蛋白质 关系 ( “ 蛋白质 1 , 关系 词 , 蛋白质 2 ” ) ,	但是 召回 率 较低 。	1<2	unknown	contrast	contrast
针对 以 上 问题 ,	该文 提出 了 一 种 混合 机器 学习 和 规则 方法 的 蛋白 质 关系 抽取 框架 。	1>2	unknown	bg-general	frame
该文 提出 了 一 种 混合 机器 学习 和 规则 方法 的 蛋白 质 关系 抽取 框架 。	该 框架 先利 用 机器 学习 方法	1<2	unknown	elab-process_step	elaboration
该 框架 先利 用 机器 学习 方法	完 成 命 名实体 识别 和 二 元 关系 抽取 ,	1<2	unknown	enablement	purpose
该 框架 先利 用 机器 学习 方法	然后 利用 基 于 句法 模板 和 词典 匹配 的 方法	1<2	unknown	joint	conjunction
然后 利用 基 于 句法 模板 和 词典 匹配 的 方法	抽取 表示 当前 两 个 蛋白 质间 关系 类型 的 关系 词 。	1<2	unknown	enablement	purpose
该文 提出 了 一 种 混合 机器 学习 和 规则 方法 的 蛋白 质 关系 抽取 框架 。	该 方法 在 AImed 语料 上 取得 了 40.18% 的 F 值 ,	1<2	unknown	evaluation	comment
该 方法 在 AImed 语料 上 取得 了 40.18% 的 F 值 ,	远高 于 基 于 规则 的 Stanford Open IE 方法 。	1<2	unknown	elab-addition	elaboration
﻿在 自然 语言 处理 中 , 嵌入 表示 是 表达 语言 知识 的 重要 途径 和 手段 ,	提出 基 于 知识 库 训练 嵌入 表示 的 伪 句式 构造 方法 ,	1>2	unknown	bg-general	frame
本 研究 以 《 同义 词 词林 》 为 例 ,	提出 基 于 知识 库 训练 嵌入 表示 的 伪 句式 构造 方法 ,	1>2	unknown	elab-addition	elaboration
提出 基 于 知识 库 训练 嵌入 表示 的 伪 句式 构造 方法 ,	并 在 多 项 任务 上 测试 新 方法 的 有效 性 。	1<2	unknown	joint	conjunction
根据 《 同义 词 词 林 》 词义 编码 反映 的 层级 结构 ,	将 这些 编码 扩展 为 多 种 伪 句式 ,	1>2	unknown	bg-general	frame
提出 基 于 知识 库 训练 嵌入 表示 的 伪 句式 构造 方法 ,	将 这些 编码 扩展 为 多 种 伪 句式 ,	1<2	unknown	elab-addition	elaboration
将 这些 编码 扩展 为 多 种 伪 句式 ,	并 据 此 生成 不同 的 伪 语料 库 ,	1<2	unknown	joint	conjunction
将 这些 编码 扩展 为 多 种 伪 句式 ,	采用 word 2 vec 模型	1<2	unknown	elab-addition	elaboration
采用 word 2 vec 模型	在 伪 语料 库 上 训练 义素 向量 及 词 向量 ,	1<2	unknown	enablement	purpose
在 伪 语料 库 上 训练 义素 向量 及 词 向量 ,	得到 CiLin 2 Vec 资源 ,	1<2	unknown	enablement	purpose
得到 CiLin 2 Vec 资源 ,	并 应 用 于 词义 合成 、 类比 推理 和 词义 相似 度 计算 等 任务 上 。	1<2	unknown	joint	conjunction
提出 基 于 知识 库 训练 嵌入 表示 的 伪 句式 构造 方法 ,	在 这些 任务 上 均 取得 了 进展 或 突破 ,	1<2	unknown	evaluation	comment
在 这些 任务 上 均 取得 了 进展 或 突破 ,	其中 , 在 词义 合成 、 类比 推理 任务 上 的 准确 率 达到 90% 以上 ,	1<2	unknown	elab-addition	elaboration
其中 , 在 词义 合成 、 类比 推理 任务 上 的 准确 率 达到 90% 以上 ,	超过 了 以往 在 语料 库 上 训得 的 结果 。	1<2	unknown	elab-addition	elaboration
证明	该 方法 可以 有效 地 将 知识 库 中 的 理性 知识 注入 嵌入 表示 中 去 ,	1>2	unknown	attribution	attribution
其中 , 在 词义 合成 、 类比 推理 任务 上 的 准确 率 达到 90% 以上 ,	该 方法 可以 有效 地 将 知识 库 中 的 理性 知识 注入 嵌入 表示 中 去 ,	1<2	unknown	elab-addition	elaboration
也 显示 了	CiLin2 Vec 嵌入 表示 资源 在 应用 上 的 巨大 潜力 。	1>2	unknown	attribution	attribution
该 方法 可以 有效 地 将 知识 库 中 的 理性 知识 注入 嵌入 表示 中 去 ,	CiLin2 Vec 嵌入 表示 资源 在 应用 上 的 巨大 潜力 。	1<2	unknown	joint	conjunction
针 对 无 监督 属性 选择 算法 无 类别 信息 和 未 考虑 属性 低秩 等 问题 ,	该文 提出 了 一 种 融合 K 均值 聚类 和 低秩 约束 的 属性 选择 算法 。	1>2	unknown	bg-goal	frame
该文 提出 了 一 种 融合 K 均值 聚类 和 低秩 约束 的 属性 选择 算法 。	算法 在 线性 回归 的 模型 框架 中 有效 地 嵌入 自表 达 方 法 ,	1<2	unknown	elab-addition	elaboration
算法 在 线性 回归 的 模型 框架 中 有效 地 嵌入 自表 达 方 法 ,	同时 利用 K 均值 聚类	1<2	unknown	joint	conjunction
同时 利用 K 均值 聚类	产生 伪类 标签 最大 化类 间距	1<2	unknown	enablement	purpose
产生 伪类 标签 最大 化类 间距	以 更好 地 稀疏 结构 ,	1<2	unknown	enablement	purpose
算法 在 线性 回归 的 模型 框架 中 有效 地 嵌入 自表 达 方 法 ,	并 使用 l2 , p- 范数 代替 传统 的 l2 , 1 - 范数 ,	1<2	unknown	joint	conjunction
并 使用 l2 , p- 范数 代替 传统 的 l2 , 1 - 范数 ,	通过 参数 p来 灵活 调节 结果 的 稀疏 性 ,	1<2	unknown	elab-addition	elaboration
最后 证明 了	该 文算 法 具有 执行 线性 判别 分析 的 特点 和 收敛 性 。	1>2	unknown	attribution	attribution
该文 提出 了 一 种 融合 K 均值 聚类 和 低秩 约束 的 属性 选择 算法 。	该 文算 法 具有 执行 线性 判别 分析 的 特点 和 收敛 性 。	1<2	unknown	elab-addition	elaboration
经实 验验 证 ,	分类 准确 率 平均 提高 了 17.04% 、 13.95% 、 3.6% 和 9.39% ,	1>2	unknown	attribution	attribution
该文 提出 的 属性 算法 与 NFS 算法 、 LDA 算法 、 RFS 算法 、 RSR 算法 相比	分类 准确 率 平均 提高 了 17.04% 、 13.95% 、 3.6% 和 9.39% ,	1>2	unknown	comparison	concession
该文 提出 了 一 种 融合 K 均值 聚类 和 低秩 约束 的 属性 选择 算法 。	分类 准确 率 平均 提高 了 17.04% 、 13.95% 、 3.6% 和 9.39% ,	1<2	unknown	evaluation	comment
分类 准确 率 平均 提高 了 17.04% 、 13.95% 、 3.6% 和 9.39% ,	分类 准确 率 方差 也是 最小 的 ,	1<2	unknown	joint	conjunction
分类 准确 率 方差 也是 最小 的 ,	分类 结果 稳定 。	1<2	unknown	elab-addition	elaboration
有效 地 进行 多 轮 对话 是 开放 域人机 对话 系统 的 主要 目标 之 一 。	借鉴 强化 学习 方法 考虑 全局 的 视角 , 该 文 利用 深度 强化 学习 算法 DQN ( deep Q-network ) ,	1>2	unknown	bg-general	frame
有效 地 进行 多 轮 对话 是 开放 域人机 对话 系统 的 主要 目标 之 一 。	目前 的 神经 网络 对话 生成 模型 在 开放 域 多轮 对话 过程 中 存在 着 容易 产生 万能 回复 、 很快 陷入 死 循环 的 问题 ;	1<2	unknown	elab-addition	elaboration
目前 的 神经 网络 对话 生成 模型 在 开放 域 多轮 对话 过程 中 存在 着 容易 产生 万能 回复 、 很快 陷入 死 循环 的 问题 ;	而 已 有 的 多 轮 对话 研究 工作 存在 着 没有 考虑 未来 对话 走向 的 问题 。	1<2	unknown	elab-addition	elaboration
借鉴 强化 学习 方法 考虑 全局 的 视角 , 该 文 利用 深度 强化 学习 算法 DQN ( deep Q-network ) ,	提出 了 使用 深度 价值 网络 对 每 一 轮 的 候选 句子 进行 评估 ,	1<2	unknown	enablement	purpose
提出 了 使用 深度 价值 网络 对 每 一 轮 的 候选 句子 进行 评估 ,	并 选择 未来 收益 最大 的 而 非 生成 概率 最大 的 句子 作 为 回复 的 多 轮 对话 策略 学习 方法 。	1<2	unknown	joint	conjunction
实验 结果 表明 ,	该文 提出 的 方法 将 多 轮 对话 的 平均 对话 轮数 提高 了 两 轮 ,	1>2	unknown	attribution	attribution
借鉴 强化 学习 方法 考虑 全局 的 视角 , 该 文 利用 深度 强化 学习 算法 DQN ( deep Q-network ) ,	该文 提出 的 方法 将 多 轮 对话 的 平均 对话 轮数 提高 了 两 轮 ,	1<2	unknown	evaluation	comment
该文 提出 的 方法 将 多 轮 对话 的 平均 对话 轮数 提高 了 两 轮 ,	同时 在 主观 对比 评价 指标 上 获胜 比例 高出 了 45% 。	1<2	unknown	joint	conjunction
在 微博 系统 中 , 寻找 高 质量 微博 用户 进行 关注 是 获取 高 质量 信息 的 前提 。	该文 研究 高质 量微 博 用户 发现 问题 ,	1>2	unknown	bg-general	frame
该文 研究 高质 量微 博 用户 发现 问题 ,	即 给定 领域 词 查询 , 系统 根据 用户 质量 返回 相关 用户 排序 列表 。	1<2	unknown	elab-addition	elaboration
该文 研究 高质 量微 博 用户 发现 问题 ,	将 该 问题 分解 成 两 个 子 问题 :	1<2	unknown	elab-addition	elaboration
将 该 问题 分解 成 两 个 子 问题 :	一 是 领域 相关 用户 的 检索 问题 ,	1<2	unknown	elab-enumember	elaboration
一 是 领域 相关 用户 的 检索 问题 ,	二 是 微博 用户 排序 问题 。	1<2	unknown	joint	conjunction
针对 用户 检索 问题 ,	提出 了 基 于 用户 标签 的 用户 表示 方法 以及 基 于 维基 百科 的 查询 — 用户 相似 度 匹配 方法 ,	1>2	unknown	bg-general	frame
一 是 领域 相关 用户 的 检索 问题 ,	提出 了 基 于 用户 标签 的 用户 表示 方法 以及 基 于 维基 百科 的 查询 — 用户 相似 度 匹配 方法 ,	1<2	unknown	elab-addition	elaboration
提出 了 基 于 用户 标签 的 用户 表示 方法 以及 基 于 维基 百科 的 查询 — 用户 相似 度 匹配 方法 ,	该 方法 作 为 ESA ( explicit semantic analysis ) 的 一 个 扩展 应用 , 结果 具有 良好 的 可 解释 性 ,	1<2	unknown	elab-addition	elaboration
实验 表明	基 于 维基 百科 的 效果 要 优 于 基 于 其他 资源 的 检索 效果 。	1>2	unknown	attribution	attribution
提出 了 基 于 用户 标签 的 用户 表示 方法 以及 基 于 维基 百科 的 查询 — 用户 相似 度 匹配 方法 ,	基 于 维基 百科 的 效果 要 优 于 基 于 其他 资源 的 检索 效果 。	1<2	unknown	evaluation	comment
针对 用户 排序 问题 ,	提出 了 基 于 图 的 迭代 排序 方法 UBRank ,	1>2	unknown	bg-general	frame
二 是 微博 用户 排序 问题 。	提出 了 基 于 图 的 迭代 排序 方法 UBRank ,	1<2	unknown	elab-addition	elaboration
提出 了 基 于 图 的 迭代 排序 方法 UBRank ,	在 计算 用户 质量 时 同时 考虑 用户 发布 消息 的 数量 和 消息 的 权威 度 ,	1<2	unknown	elab-addition	elaboration
在 计算 用户 质量 时 同时 考虑 用户 发布 消息 的 数量 和 消息 的 权威 度 ,	并且 只 选择 含 URL 的 消息 来 构 建图 ,	1<2	unknown	joint	conjunction
提出 了 基 于 图 的 迭代 排序 方法 UBRank ,	实验 验证 了 该 方法 的 高 效 性 和 优越 性 。	1<2	unknown	evaluation	comment
在 线 技术 社区 是 技术 爱好 者 或者 从业 者 进行 技术 交流 、 咨询 和 分享 的 重要 平台 。	从而 提出 了 一 种 作者 — 读者 — 话题 ( aut hor-rea der-topic , ART ) 模型 ,	1>2	unknown	bg-general	frame
在 线 技术 社区 是 技术 爱好 者 或者 从业 者 进行 技术 交流 、 咨询 和 分享 的 重要 平台 。	社区 运营 者 如果 能够 准确 掌握 每个 用户 的 技能 和 兴趣 , 对 用户 进行 画像 , 将 有助 于 为 用户 提供 精准 的 推荐 和 个性 化 服务 ,	1<2	unknown	elab-addition	elaboration
社区 运营 者 如果 能够 准确 掌握 每个 用户 的 技能 和 兴趣 , 对 用户 进行 画像 , 将 有助 于 为 用户 提供 精准 的 推荐 和 个性 化 服务 ,	从而 增加 用户 的 黏性 和 社区 的 活跃 度 。	1<2	unknown	elab-addition	elaboration
考虑 到 社区 用户 既是 内容 的 生产 者 ( 作者 ) 又是 内容 的 消费 者 ( 读者 ) , 生产 者 体现 用户 技能 , 消费 者 体现 用户 兴趣 ,	从而 提出 了 一 种 作者 — 读者 — 话题 ( aut hor-rea der-topic , ART ) 模型 ,	1>2	unknown	exp-reason	explanation
从而 提出 了 一 种 作者 — 读者 — 话题 ( aut hor-rea der-topic , ART ) 模型 ,	同时 对 用户 的 技能 和 兴趣 进行 建模 。	1<2	unknown	joint	conjunction
从而 提出 了 一 种 作者 — 读者 — 话题 ( aut hor-rea der-topic , ART ) 模型 ,	该 模型 可以 将 文档 的 作者 和 读者 关联 起来 ,	1<2	unknown	elab-addition	elaboration
该 模型 可以 将 文档 的 作者 和 读者 关联 起来 ,	因而 能够 提升 话题 的 聚集 效果 ,	1<2	unknown	result	causal
因而 能够 提升 话题 的 聚集 效果 ,	产生 更 准确 的 作者 话题 分布 和 读者 话题 分布 。	1<2	unknown	joint	conjunction
从而 提出 了 一 种 作者 — 读者 — 话题 ( aut hor-rea der-topic , ART ) 模型 ,	该 文 基 于 CSDN 技术 社区 的 真实 数据 集 进行 了 实验 对比 和 分析 ,	1<2	unknown	evaluation	comment
实验 结果 表明 ,	该文 提出 的 ART 模型 能够 有效 地 发现 用户 的 技能 和 兴趣 ,	1>2	unknown	attribution	attribution
该 文 基 于 CSDN 技术 社区 的 真实 数据 集 进行 了 实验 对比 和 分析 ,	该文 提出 的 ART 模型 能够 有效 地 发现 用户 的 技能 和 兴趣 ,	1<2	unknown	elab-addition	elaboration
该文 提出 的 ART 模型 能够 有效 地 发现 用户 的 技能 和 兴趣 ,	明显 优 于 现有 的 各种 话题 模型	1<2	unknown	elab-addition	elaboration
以往 小说 人物 心理 分析 主要 是 对 人物 性格 的 定性 分析 ,	该文 采用 基 于 数据 挖掘 的 文学 智能 分析 方法 ,	1>2	unknown	bg-compare	frame
以往 小说 人物 心理 分析 主要 是 对 人物 性格 的 定性 分析 ,	易 受 研究 者 个人 主观 经验 影响 ;	1<2	unknown	elab-addition	elaboration
而 相比 于 描述 繁杂 的 性格 而 言 ,	更加 稳定 系统 的 人格 能够 更好 地 描述 并 传达 小说 人物 心理 。	1>2	unknown	comparison	concession
以往 小说 人物 心理 分析 主要 是 对 人物 性格 的 定性 分析 ,	更加 稳定 系统 的 人格 能够 更好 地 描述 并 传达 小说 人物 心理 。	1<2	unknown	joint	conjunction
该文 采用 基 于 数据 挖掘 的 文学 智能 分析 方法 ,	通过 中 文 心理 分析 系统 对 《 平凡 的 世界 》 人物 对话 进行 处理 ,	1<2	unknown	elab-addition	elaboration
该文 采用 基 于 数据 挖掘 的 文学 智能 分析 方法 ,	得到 人物 的 大五 人格 预测 分数 ;	1<2	unknown	enablement	purpose
该文 采用 基 于 数据 挖掘 的 文学 智能 分析 方法 ,	进而 , 考察 文艺 学 文献 、 小说 剧情 对 预测 分数 的 验证 情况 ,	1<2	unknown	progression	organization
进而 , 考察 文艺 学 文献 、 小说 剧情 对 预测 分数 的 验证 情况 ,	以 确定 这 种 方法 的 有效 性 。	1<2	unknown	enablement	purpose
结果 表明 :	年轻 的 孙 少平 和 田 晓霞 开放 性 相对 较强 ,	1>2	unknown	attribution	attribution
该文 采用 基 于 数据 挖掘 的 文学 智能 分析 方法 ,	年轻 的 孙 少平 和 田 晓霞 开放 性 相对 较强 ,	1<2	unknown	elab-addition	elaboration
年轻 的 孙 少平 和 田 晓霞 开放 性 相对 较强 ,	而 年长 的 孙 少安 和 田 润叶 外向 性 较强 ;	1<2	unknown	joint	conjunction
年轻 的 孙 少平 和 田 晓霞 开放 性 相对 较强 ,	此外 , 孙 少平 和 田 润叶 尽责 性 较强 ,	1<2	unknown	joint	conjunction
此外 , 孙 少平 和 田 润叶 尽责 性 较强 ,	孙 少安 和 田 晓霞 宜人性 较好 ,	1<2	unknown	joint	conjunction
此外 , 孙 少平 和 田 润叶 尽责 性 较强 ,	孙 少安 和 孙 少平 情绪 性 较高 。	1<2	unknown	joint	conjunction
年轻 的 孙 少平 和 田 晓霞 开放 性 相对 较强 ,	上述 预测 结果 得到 文献 、 剧情 的 支持 ,	1<2	unknown	evaluation	comment
上述 预测 结果 得到 文献 、 剧情 的 支持 ,	这 说明 文学 智能 分析 小说 人物 人格 是 有效 的 ,	1<2	unknown	elab-addition	elaboration
上述 预测 结果 得到 文献 、 剧情 的 支持 ,	它 为 小说 人物 心理 分析 开辟 出 一 条 客观 、 体系 化 且 智能 化 的 道路 。	1<2	unknown	elab-addition	elaboration
未识 甲骨 字 的 考释 是 甲骨 文 研究 最 重要 的 内容 ,	通过 建模 定义 甲骨字 之间 的 距离 ,	1>2	unknown	bg-general	frame
未识 甲骨 字 的 考释 是 甲骨 文 研究 最 重要 的 内容 ,	也是 历史 学 家 和 计算 机学 家 研究 甲骨文 遇到 的 最大 瓶颈 。	1<2	unknown	elab-addition	elaboration
未识 甲骨 字 的 考释 是 甲骨 文 研究 最 重要 的 内容 ,	甲骨文 研究 积累 的 数据 已 体现 出 海量 化 和 系统 化 。	1<2	unknown	elab-addition	elaboration
因 此 , 该文 以 甲骨 文 拓片 为 基础 数据 ,	通过 建模 定义 甲骨字 之间 的 距离 ,	1>2	unknown	bg-general	frame
通过 建模 定义 甲骨字 之间 的 距离 ,	进而 构建 甲骨字 网络 。	1<2	unknown	enablement	purpose
通过 建模 定义 甲骨字 之间 的 距离 ,	在 此 网络 之上 , 分析 网络 的 度 分布 、 局部 连接 比率 、 聚类 系数 、 模块 度 等 相关 特性 。	1<2	unknown	elab-addition	elaboration
结果 表明 :	构建 的 甲骨 字 网络 不仅 能 充分 反映 甲骨 文 系统 的 单 音节 词 多 和 复音节 词 少 的 古 文字 特征 ,	1>2	unknown	attribution	attribution
通过 建模 定义 甲骨字 之间 的 距离 ,	构建 的 甲骨 字 网络 不仅 能 充分 反映 甲骨 文 系统 的 单 音节 词 多 和 复音节 词 少 的 古 文字 特征 ,	1<2	unknown	evaluation	comment
构建 的 甲骨 字 网络 不仅 能 充分 反映 甲骨 文 系统 的 单 音节 词 多 和 复音节 词 少 的 古 文字 特征 ,	而且 能 捕捉 甲骨文 拓片 的 语义 单元 , 并 具有 很强 的 模块 特性 。	1<2	unknown	joint	conjunction
通过 建模 定义 甲骨字 之间 的 距离 ,	该 文 构 建 的 网络 及 其 特性 可 为 历史 学 家 和 网络 甲骨 学 家 揭示 未 知 甲骨 字 的 语义 提供 新 的 数据 和 理论 基础	1<2	unknown	elab-addition	elaboration
该文 提出 一 种 结合 短语 结构 句法 的 语义 角色 标注 方法 。	结合 短语 结构 句法 对 句子 进行 剪枝 、 子句 抽取 处理 ,	1<2	unknown	elab-process_step	elaboration
结合 短语 结构 句法 对 句子 进行 剪枝 、 子句 抽取 处理 ,	然后 , 对 处理 过 的 句子 进行 语义 角色 分析 并 还原 。	1<2	unknown	joint	conjunction
然后 , 对 处理 过 的 句子 进行 语义 角色 分析 并 还原 。	最后 , 结合 短语 树 对 还原 后 的 论元 边界 进行 修正 。	1<2	unknown	joint	conjunction
结合 短语 结构 句法 对 句子 进行 剪枝 、 子句 抽取 处理 ,	其中 , 剪枝 包括 并列 结构 、 插入 语 的 剪枝 ,	1<2	unknown	elab-addition	elaboration
其中 , 剪枝 包括 并列 结构 、 插入 语 的 剪枝 ,	子句 抽取 针对 不同 形式 的 子句 有 不同 的 处理 方式 。	1<2	unknown	joint	conjunction
最后 , 结合 短语 树 对 还原 后 的 论元 边界 进行 修正 。	边界 修正 主要 是 针对 某些 类型 论元 进行 修正 。	1<2	unknown	elab-addition	elaboration
该文 提出 一 种 结合 短语 结构 句法 的 语义 角色 标注 方法 。	该文 分别 在 CoNLL2004 与 CoNLL2005 评测 语料 中 做 了 实验 ,	1<2	unknown	evaluation	comment
该文 分别 在 CoNLL2004 与 CoNLL2005 评测 语料 中 做 了 实验 ,	在 CoNLL2005 Shared Task 的 test _ wsj 数据 集上 F值 为 88.25% , 在 CoNLL2004 Shared Task 的 test 数据 集上 F值 为 85.66% 。	1<2	unknown	elab-addition	elaboration
实验 结果 表明 ,	引入 短语 结构 句法 能 有效 地 提升 语义 角色 的 识别 效果 。	1>2	unknown	attribution	attribution
该文 分别 在 CoNLL2004 与 CoNLL2005 评测 语料 中 做 了 实验 ,	引入 短语 结构 句法 能 有效 地 提升 语义 角色 的 识别 效果 。	1<2	unknown	elab-addition	elaboration
国际 汉 语 教学 领域 中 存在 大量 的 动态 词 。	该文 首先 介绍 三 音节 名词 型 动态 词 结构 模式 的 一 种 知识 表示 方法 ;	1>2	unknown	bg-general	frame
国际 汉 语 教学 领域 中 存在 大量 的 动态 词 。	深入 细致 地 研究 分析 国际 汉 语 教材 语料 中 真实 出现 的 动态 词 ,	1<2	unknown	elab-addition	elaboration
深入 细致 地 研究 分析 国际 汉 语 教材 语料 中 真实 出现 的 动态 词 ,	一 方面 有助 于 国际 汉 语 教学 的 词汇 研究 与 词汇 教学 ;	1<2	unknown	elab-addition	elaboration
一 方面 有助 于 国际 汉 语 教学 的 词汇 研究 与 词汇 教学 ;	另 一 方面 , 对面 向 国际 汉 语 教学 的 信息 处理 工作 具有 重要 的 促进 作用 。	1<2	unknown	joint	conjunction
国际 汉 语 教学 领域 中 存在 大量 的 动态 词 。	三 音节 名词 是 国际 汉 语 教学 中 一 种 常见 的 词汇 类型 ,	1<2	unknown	joint	conjunction
三 音节 名词 是 国际 汉 语 教学 中 一 种 常见 的 词汇 类型 ,	在 词汇 教学 中 占有 重要 的 位置 ,	1<2	unknown	elab-addition	elaboration
三 音节 名词 是 国际 汉 语 教学 中 一 种 常见 的 词汇 类型 ,	而 其中 三 音节 名词 型 动态 词 又 占有 较高 的 比重 。	1<2	unknown	elab-addition	elaboration
该文 首先 介绍 三 音节 名词 型 动态 词 结构 模式 的 一 种 知识 表示 方法 ;	然后 通过 标注 一定 规模 的 国际 汉 语 教材 语料 ,	1<2	unknown	joint	conjunction
然后 通过 标注 一定 规模 的 国际 汉 语 教材 语料 ,	获取 三 音节 名 词 型 动态 词 的 所有 结构 模式 类型 以及 对应 的 动态 词 及 词频 信息 ,	1<2	unknown	enablement	purpose
获取 三 音节 名 词 型 动态 词 的 所有 结构 模式 类型 以及 对应 的 动态 词 及 词频 信息 ,	构建 基 于 国际 汉 语 教学 的 三 音节 名词 型 动态 词 结构 模式 知识 库 ;	1<2	unknown	enablement	purpose
该文 首先 介绍 三 音节 名词 型 动态 词 结构 模式 的 一 种 知识 表示 方法 ;	最后 在 结构 模式 知识 库 的 基础 上 对 三 音节 名词 型 动态 词 进行 分析 。	1<2	unknown	joint	conjunction
针 对 英 语 文章 语法 错误 自动 纠正 ( Grammatical Error Correction , GEC ) 问题 中 的 冠词 和 介词 错误 ,	该文 提出 一 种 基 于 LSTM ( Long Short - Term Memory , 长短 时 记忆 ) 的 序列 标注 GEC 方法 ;	1>2	unknown	bg-goal	frame
针对 名词 单 复 数 错误 、 动词 形式 错误 和 主谓 不 一致 错误 ,	该文 提出 一 种 基 于 ESL ( English as Second Lauguage ) 和 新闻 语料 的 N-gram 投票 策略 的 GEC 方法 。	1>2	unknown	bg-goal	frame
因 其 混淆 集 为 开放 集合 ,	该文 提出 一 种 基 于 ESL ( English as Second Lauguage ) 和 新闻 语料 的 N-gram 投票 策略 的 GEC 方法 。	1>2	unknown	exp-reason	explanation
该文 提出 一 种 基 于 LSTM ( Long Short - Term Memory , 长短 时 记忆 ) 的 序列 标注 GEC 方法 ;	该文 提出 一 种 基 于 ESL ( English as Second Lauguage ) 和 新闻 语料 的 N-gram 投票 策略 的 GEC 方法 。	1<2	unknown	joint	conjunction
该文 提出 一 种 基 于 LSTM ( Long Short - Term Memory , 长短 时 记忆 ) 的 序列 标注 GEC 方法 ;	该 文 方 法 在 2013 年 CoNLL 的 GEC 数据 上 实验 的 整体 F1 值 为 33.87% ,	1<2	unknown	evaluation	comment
该 文 方 法 在 2013 年 CoNLL 的 GEC 数据 上 实验 的 整体 F1 值 为 33.87% ,	超过 第一 名 UIUC 的 F1 值 31.20% 。	1<2	unknown	elab-addition	elaboration
该 文 方 法 在 2013 年 CoNLL 的 GEC 数据 上 实验 的 整体 F1 值 为 33.87% ,	其中 , 冠词 错误 纠正 的 F1 值 为 38.05% ,	1<2	unknown	elab-addition	elaboration
其中 , 冠词 错误 纠正 的 F1 值 为 38.05% ,	超过 UIUC 冠词 错误 纠正 的 F1 值 33.40% ,	1<2	unknown	elab-addition	elaboration
其中 , 冠词 错误 纠正 的 F1 值 为 38.05% ,	介词 错误 的 纠正 F1 为 28.89% ,	1<2	unknown	joint	conjunction
介词 错误 的 纠正 F1 为 28.89% ,	超过 UIUC 的 介词 错误 纠正 F1 值 7.22% 。	1<2	unknown	elab-addition	elaboration
高考 语文 阅读 理解 篇章 标题 选择 题 要求 机器 根据 对 篇章 内容 的 理解 ,	提出 了 标题 与 篇章 要点 相关 性 分析 模型 。	1>2	unknown	bg-general	frame
高考 语文 阅读 理解 篇章 标题 选择 题 要求 机器 根据 对 篇章 内容 的 理解 ,	从 多 个 候选 项 中 选取 能够 准确 恰当 的 概括 表达 篇章 内容 的 选项 。	1<2	unknown	elab-addition	elaboration
标题 往往 是 高度 凝练 且 能 准确 表达 文意 、 结构 鲜明 的 词串 。	因 此 , 如何 对 篇章 内容 进行 归纳 概括 、 对 标题 结构 进行 梳理 和 分析 是 解答 篇章 标题 选择 题 的 关键 。	1>2	unknown	exp-reason	explanation
高考 语文 阅读 理解 篇章 标题 选择 题 要求 机器 根据 对 篇章 内容 的 理解 ,	因 此 , 如何 对 篇章 内容 进行 归纳 概括 、 对 标题 结构 进行 梳理 和 分析 是 解答 篇章 标题 选择 题 的 关键 。	1<2	unknown	elab-addition	elaboration
针对 该 问题 ,	提出 了 标题 与 篇章 要点 相关 性 分析 模型 。	1>2	unknown	bg-general	frame
该 模型 通过 分析 标题 与 篇章 要点 的 相关 性 ,	构建 了 基 于 标题 和 篇章 要点 的 相关 度 矩阵 。	1>2	unknown	manner-means	mode
提出 了 标题 与 篇章 要点 相关 性 分析 模型 。	构建 了 基 于 标题 和 篇章 要点 的 相关 度 矩阵 。	1<2	unknown	elab-addition	elaboration
构建 了 基 于 标题 和 篇章 要点 的 相关 度 矩阵 。	在 此 基础 上 融入 标题 结构 特征 ,	1<2	unknown	elab-addition	elaboration
在 此 基础 上 融入 标题 结构 特征 ,	选取 与 篇章 最 相关 的 标题 。	1<2	unknown	enablement	purpose
提出 了 标题 与 篇章 要点 相关 性 分析 模型 。	在 全国 近 10 年 高考 真题 和 测试 题 上 进行 实验 ,	1<2	unknown	evaluation	comment
在 全国 近 10 年 高考 真题 和 测试 题 上 进行 实验 ,	验证 了 该 方法 的 有效 性 。	1<2	unknown	elab-addition	elaboration
﻿形容 词 与 名词 、 动词 构成 汉 语 实词 的 主体 组成 部分 ,	该文 主要 叙述 汉 语 形容 词 知识 库 构建 的 相关 工作 。	1>2	unknown	bg-general	frame
﻿形容 词 与 名词 、 动词 构成 汉 语 实词 的 主体 组成 部分 ,	在 句法 上 表现 出 对 " 名词 " 的 极度 依赖 ,	1<2	unknown	elab-addition	elaboration
﻿形容 词 与 名词 、 动词 构成 汉 语 实词 的 主体 组成 部分 ,	其 核心 功能 是 在 概念 层面 上 , 在 认知 注意 机制 的 调适 作用 下 对 名词 的 特征 进行 " 评价 " 。	1<2	unknown	elab-addition	elaboration
该文 主要 叙述 汉 语 形容 词 知识 库 构建 的 相关 工作 。	首先 是 考察 已有 的 形容 词 的 收词 情况 ,	1<2	unknown	elab-addition	elaboration
首先 是 考察 已有 的 形容 词 的 收词 情况 ,	并 结合 语言 演变 中 新 产生 的 形容 词 , 构建 了 一 个 较为 全面 的 形容 词 词集 ;	1<2	unknown	joint	conjunction
并 结合 语言 演变 中 新 产生 的 形容 词 , 构建 了 一 个 较为 全面 的 形容 词 词集 ;	其次 是 详细 阐述 知识 库 的 构建 理念 ;	1<2	unknown	joint	conjunction
其次 是 详细 阐述 知识 库 的 构建 理念 ;	再次 是 具体 阐述 知识 库 的 特征 描述 体系 ;	1<2	unknown	joint	conjunction
再次 是 具体 阐述 知识 库 的 特征 描述 体系 ;	最后 是 对 该 知识 库 的 应用 场景 进行 展望 。	1<2	unknown	joint	conjunction
神经 网络 机器 翻译 模型 在 蒙古 文 到 汉 文 的 翻译 任务 上 取得 了 很好 的 效果 。	该文 将 先验 信息 融合 到 神经 网络 机器 翻译 中 ,	1>2	unknown	bg-general	frame
神经 网络 机器 翻译 模型 在 蒙古 文 到 汉 文 的 翻译 任务 上 取得 了 很好 的 效果 。	神经 网络 翻译 模型 仅 利 用 双 语 语料 获得 词 向量 ,	1<2	unknown	elab-addition	elaboration
神经 网络 翻译 模型 仅 利 用 双 语 语料 获得 词 向量 ,	而 有限 的 双 语 语料 规模 却 限制 了 词 向量 的 表示 。	1<2	unknown	contrast	contrast
该文 将 先验 信息 融合 到 神经 网络 机器 翻译 中 ,	首先 将 大 规模 单 语 语料 训练 得到 的 词 向量 作 为 翻译 模型 的 初始 词 向量 ,	1<2	unknown	elab-aspect	elaboration
首先 将 大 规模 单 语 语料 训练 得到 的 词 向量 作 为 翻译 模型 的 初始 词 向量 ,	同时 在 词 向量 中 加入 词性 特征 ,	1<2	unknown	joint	conjunction
同时 在 词 向量 中 加入 词性 特征 ,	从而 缓解 单 词 的 语法 歧义 问题 。	1<2	unknown	enablement	purpose
其次 , 为了 降低 翻译 模型 解码 器 的 计算 复杂 度 以及 模型 的 训练 时间 ,	通常 会 限制 目标 词典 大小 ,	1>2	unknown	enablement	purpose
该文 将 先验 信息 融合 到 神经 网络 机器 翻译 中 ,	通常 会 限制 目标 词典 大小 ,	1<2	unknown	elab-aspect	elaboration
通常 会 限制 目标 词典 大小 ,	这 导致 大量 未 登录 词 的 出现 。	1<2	unknown	result	causal
该文 将 先验 信息 融合 到 神经 网络 机器 翻译 中 ,	该 文 利 用 加入 词性 特征 的 词 向量	1<2	unknown	elab-aspect	elaboration
该 文 利 用 加入 词性 特征 的 词 向量	计算 单 词 之间 的 相似 度 ,	1<2	unknown	elab-addition	elaboration
该 文 利 用 加入 词性 特征 的 词 向量	将 未 登录 词用 目标 词典 中 与 之 最 相近 的 单 词 替换 ,	1<2	unknown	joint	conjunction
将 未 登录 词用 目标 词典 中 与 之 最 相近 的 单 词 替换 ,	以 缓解 未 登录 词 问题 。	1<2	unknown	enablement	purpose
最终 实验 显示	在 蒙古 文 到 汉 文 的 翻译 任务 上 将 译文 的 BLEU 值 提高 了 2.68 个 BLEU 点 。	1>2	unknown	attribution	attribution
该文 将 先验 信息 融合 到 神经 网络 机器 翻译 中 ,	在 蒙古 文 到 汉 文 的 翻译 任务 上 将 译文 的 BLEU 值 提高 了 2.68 个 BLEU 点 。	1<2	unknown	evaluation	comment
蒙古 语 属 于 小 语种 ,	蒙古 语 到 汉 语 机器 翻译 相关 研究 进展 缓慢 。	1>2	unknown	exp-reason	explanation
蒙古 语 到 汉 语 机器 翻译 相关 研究 进展 缓慢 。	所以 , 实现 高 质量 的 蒙汉 机器 翻译 对 我国 少数 民族 地区 信息 化 发展 有 着重 要 意义 。	1>2	unknown	exp-reason	explanation
所以 , 实现 高 质量 的 蒙汉 机器 翻译 对 我国 少数 民族 地区 信息 化 发展 有 着重 要 意义 。	该文 提出 了 一 种 基 于 蒙古 语 切分 的 词干 词缀 为 基本 单位 的 蒙汉 机器 翻译 词对 齐 方法 。	1>2	unknown	bg-general	frame
所以 , 实现 高 质量 的 蒙汉 机器 翻译 对 我国 少数 民族 地区 信息 化 发展 有 着重 要 意义 。	其中 , 词语 对齐 对 机器 翻译 质量 起 着 至关重要 的 作用 。	1<2	unknown	elab-addition	elaboration
该文 提出 了 一 种 基 于 蒙古 语 切分 的 词干 词缀 为 基本 单位 的 蒙汉 机器 翻译 词对 齐 方法 。	该 方法 利用 词干 词缀 表 和 逆向 最大匹 配算 法	1<2	unknown	elab-addition	elaboration
该 方法 利用 词干 词缀 表 和 逆向 最大匹 配算 法	来 实现 蒙古 语句子 词干 词缀 的 切分 。	1<2	unknown	enablement	purpose
实验 结果 表明	对 蒙古 语 进行 词干 词缀 的 切分 能够 显著 提高 对数 线性 词对 齐 模型 的 对齐 质量 。	1>2	unknown	attribution	attribution
该文 提出 了 一 种 基 于 蒙古 语 切分 的 词干 词缀 为 基本 单位 的 蒙汉 机器 翻译 词对 齐 方法 。	对 蒙古 语 进行 词干 词缀 的 切分 能够 显著 提高 对数 线性 词对 齐 模型 的 对齐 质量 。	1<2	unknown	evaluation	comment
结合 对 维吾尔 语 语言 的 特点 分析 ,	该文 提出 一 种 基 于 深度 卷积 神经 网络 ( deep convolutional neural networks , DCNNs ) 联合 长短期 记忆 网络 ( long-short term memory , LSTM ) 实现 的 维吾尔 语文 本 突发 事件 识别 方法 。	1>2	unknown	bg-general	frame
该文 提出 一 种 基 于 深度 卷积 神经 网络 ( deep convolutional neural networks , DCNNs ) 联合 长短期 记忆 网络 ( long-short term memory , LSTM ) 实现 的 维吾尔 语文 本 突发 事件 识别 方法 。	该 方法 提取 突发 事件 包含 六 大 特征 块 ,	1<2	unknown	elab-addition	elaboration
该 方法 提取 突发 事件 包含 六 大 特征 块 ,	并 在 特征 集 中 引入 富含 词汇 语义 及 上下 文位 置 关系 的 Word Embedding ,	1<2	unknown	joint	conjunction
该 方法 提取 突发 事件 包含 六 大 特征 块 ,	利用 DCNNs	1<2	unknown	joint	conjunction
利用 DCNNs	对 黏着 性 语言 特征 抽象 化 的 学习 能力 抽取 事件 句 中 的 高阶 局部 特征 ,	1<2	unknown	enablement	purpose
对 黏着 性 语言 特征 抽象 化 的 学习 能力 抽取 事件 句 中 的 高阶 局部 特征 ,	以 此 作 为 LSTM 网络 的 输入 ,	1<2	unknown	elab-addition	elaboration
该 方法 提取 突发 事件 包含 六 大 特征 块 ,	利用 其 对于 事件 句 中 抽象 含义 序列 关系 的 捕获 特性 获取 全局 特征 ,	1<2	unknown	joint	conjunction
利用 其 对于 事件 句 中 抽象 含义 序列 关系 的 捕获 特性 获取 全局 特征 ,	训练 Softma x 分 类器 完成 维吾尔 语 突发 事件 的 识别 任务 。	1<2	unknown	enablement	purpose
该文 提出 一 种 基 于 深度 卷积 神经 网络 ( deep convolutional neural networks , DCNNs ) 联合 长短期 记忆 网络 ( long-short term memory , LSTM ) 实现 的 维吾尔 语文 本 突发 事件 识别 方法 。	该 方法 在 维吾尔 语 突发 事件 识别 中 的 准确 率 达到 80.60% , 召回 率 81.39% , F值 80.99% 。	1<2	unknown	evaluation	comment
实验 结果 表明 ,	DCNNs-LSTM 模型 更 具备 挖掘 隐含 上下文 深层 语义 信息 的 能力 ,	1>2	unknown	attribution	attribution
与 不同 层数 的 DCNNs 和 独立 的 LSTM 网络 相比 ,	DCNNs-LSTM 模型 更 具备 挖掘 隐含 上下文 深层 语义 信息 的 能力 ,	1>2	unknown	comparison	concession
该文 提出 一 种 基 于 深度 卷积 神经 网络 ( deep convolutional neural networks , DCNNs ) 联合 长短期 记忆 网络 ( long-short term memory , LSTM ) 实现 的 维吾尔 语文 本 突发 事件 识别 方法 。	DCNNs-LSTM 模型 更 具备 挖掘 隐含 上下文 深层 语义 信息 的 能力 ,	1<2	unknown	evaluation	comment
DCNNs-LSTM 模型 更 具备 挖掘 隐含 上下文 深层 语义 信息 的 能力 ,	对 Word Embedding 特征 项 的 引入 有效 地 提高 了 模型 识别 性能 。	1<2	unknown	elab-addition	elaboration
音节 是 缅甸 语 的 最小 构词 单位 。	该文 提出 一 种 基 于 卷积 神经 网络 的 缅甸 语 分词 方法 ,	1>2	unknown	bg-general	frame
音节 是 缅甸 语 的 最小 构词 单位 。	当前 主流 的 基 于 统计 的 分词 方法 效果 严重 依赖 于 预先 标注 的 训练 样本 集 规模 及 人工 方式 选取 特征 的 质量 ,	1<2	unknown	elab-addition	elaboration
当前 主流 的 基 于 统计 的 分词 方法 效果 严重 依赖 于 预先 标注 的 训练 样本 集 规模 及 人工 方式 选取 特征 的 质量 ,	然而 , 缅甸 语 属 于 稀缺 资源 语言 ,	1<2	unknown	contrast	contrast
然而 , 缅甸 语 属 于 稀缺 资源 语言 ,	分词 语料 标注 及 特征 选取 面临 较 大 困难 。	1<2	unknown	result	causal
该文 提出 一 种 基 于 卷积 神经 网络 的 缅甸 语 分词 方法 ,	首先 将 缅甸 语 音节 结构 特征 应用 于 缅甸 语 音节 词 向量 特征 分布 式 表示 ,	1<2	unknown	elab-process_step	elaboration
首先 将 缅甸 语 音节 结构 特征 应用 于 缅甸 语 音节 词 向量 特征 分布 式 表示 ,	然后 基 于 卷积 神经 网络 将 音节 及 其 上 下文 的 特征 进行 融合 ,	1<2	unknown	joint	conjunction
然后 基 于 卷积 神经 网络 将 音节 及 其 上 下文 的 特征 进行 融合 ,	得到 有效 的 特征 表示 ,	1<2	unknown	enablement	purpose
然后 基 于 卷积 神经 网络 将 音节 及 其 上 下文 的 特征 进行 融合 ,	并 通过 深层 网络 的 逐层 特征 优化 自 动 学习 到 缅甸 语 分词 的 有效 特征 向量 ,	1<2	unknown	joint	conjunction
然后 基 于 卷积 神经 网络 将 音节 及 其 上 下文 的 特征 进行 融合 ,	最后 利用 softmax 分类 器	1<2	unknown	joint	conjunction
最后 利用 softmax 分类 器	来 对 构成 缅甸 语 词汇 的 音节 序列 标记 进行 预测 。	1<2	unknown	enablement	purpose
实验 结果 表明 ,	该 方法 取得 了 较好 的 效果 。	1>2	unknown	attribution	attribution
该文 提出 一 种 基 于 卷积 神经 网络 的 缅甸 语 分词 方法 ,	该 方法 取得 了 较好 的 效果 。	1<2	unknown	evaluation	comment
随 着 互联 网上 信息 的 爆炸 式 增长 ,	如何 有效 提高 知识 获取 效率 变 得 尤为 重要 。	1>2	unknown	bg-general	frame
如何 有效 提高 知识 获取 效率 变 得 尤为 重要 。	该文 提出 一 种 新 的 两 阶段 的 长文 本 自动 摘要 方法 TP -AS ,	1>2	unknown	bg-general	frame
如何 有效 提高 知识 获取 效率 变 得 尤为 重要 。	文本 自动 摘要 技术 通过 对 信息 的 压缩 和 精炼 ,	1<2	unknown	elab-addition	elaboration
文本 自动 摘要 技术 通过 对 信息 的 压缩 和 精炼 ,	为 知识 的 快速 获取 提供 了 很好 的 辅助 手段 。	1<2	unknown	enablement	purpose
文本 自动 摘要 技术 通过 对 信息 的 压缩 和 精炼 ,	现有 的 文本 自动 摘要 方法 在 处理 长 文本 的 过程 中 , 存在 准确 率低 的 问题 ,	1<2	unknown	elab-addition	elaboration
现有 的 文本 自动 摘要 方法 在 处理 长 文本 的 过程 中 , 存在 准确 率低 的 问题 ,	无法 达到 令 用户 满意 的 性能 效果 。	1<2	unknown	elab-addition	elaboration
为 此 ,	该文 提出 一 种 新 的 两 阶段 的 长文 本 自动 摘要 方法 TP -AS ,	1>2	unknown	enablement	purpose
该文 提出 一 种 新 的 两 阶段 的 长文 本 自动 摘要 方法 TP -AS ,	首先 利用 基 于 图模型 的 混合 文本 相似 度 计算 方法	1<2	unknown	elab-process_step	elaboration
首先 利用 基 于 图模型 的 混合 文本 相似 度 计算 方法	进行 关键句 抽取 ,	1<2	unknown	enablement	purpose
首先 利用 基 于 图模型 的 混合 文本 相似 度 计算 方法	然后 结合 指针 机制 和 注意 力 机制	1<2	unknown	joint	conjunction
然后 结合 指针 机制 和 注意 力 机制	构建 一 种 基 于 循环 神经 网络 的 编码 器 — 解码 器 模型	1<2	unknown	enablement	purpose
构建 一 种 基 于 循环 神经 网络 的 编码 器 — 解码 器 模型	进行 摘要 生成 。	1<2	unknown	enablement	purpose
通过 基 于 真实 大 规模 金融 领域 长文 本 数据 上 的 实验 ,	验证 了 TP -AS 方法 的 有效 性 ,	1>2	unknown	manner-means	mode
该文 提出 一 种 新 的 两 阶段 的 长文 本 自动 摘要 方法 TP -AS ,	验证 了 TP -AS 方法 的 有效 性 ,	1<2	unknown	evaluation	comment
验证 了 TP -AS 方法 的 有效 性 ,	其 自动 摘要 的 准确 性 在 ROUGE-1 的 指标 下 分别 达到 了 36.6% ( 词 ) 和 33.9% ( 字符 ) ,	1<2	unknown	elab-addition	elaboration
其 自动 摘要 的 准确 性 在 ROUGE-1 的 指标 下 分别 达到 了 36.6% ( 词 ) 和 33.9% ( 字符 ) ,	明显 优 于 现有 其他 方法 。	1<2	unknown	elab-addition	elaboration
评论 对象 抽取 是 情感 分析 的 重要 研究 内容 。	该 文 提 出 用 于 评价 对象 抽取 的 七 种 新 的 语义 特征 。	1>2	unknown	bg-general	frame
基 于 语义 词典 , 从 评论 对象 的 类别 视角 出发 ,	该 文 提 出 用 于 评价 对象 抽取 的 七 种 新 的 语义 特征 。	1>2	unknown	bg-general	frame
运用 语义 相似 度 和 相关 度 计算 方法 ,	该 文 提 出 用 于 评价 对象 抽取 的 七 种 新 的 语义 特征 。	1>2	unknown	manner-means	mode
评价 对象 和 评价 词 之间 通常 存在 句法 依存 关系 ,	提出 句法 情感 依存 特征 抽取 方法 ,	1>2	unknown	bg-general	frame
评价 对象 和 评价 词 之间 通常 存在 句法 依存 关系 ,	并且 评价 词 往往 带有 情感 倾向 ,	1<2	unknown	joint	conjunction
将 句法 依存 分析 和 评价 词 识别 结合 ,	提出 句法 情感 依存 特征 抽取 方法 ,	1>2	unknown	manner-means	mode
该 文 提 出 用 于 评价 对象 抽取 的 七 种 新 的 语义 特征 。	提出 句法 情感 依存 特征 抽取 方法 ,	1<2	unknown	elab-addition	elaboration
提出 句法 情感 依存 特征 抽取 方法 ,	忽略 无情 感 词 和 微情 感 词 的 句法 依存 关系 ,	1<2	unknown	elab-addition	elaboration
忽略 无情 感 词 和 微情 感 词 的 句法 依存 关系 ,	提高 评价 对象 抽取 的 准确 率 。	1<2	unknown	enablement	purpose
使用 条件 随 机场 模型 ,	在 SEMEVAL 比赛 的 三 个 领域 数据 集上 进行 实验 ,	1>2	unknown	manner-means	mode
该 文 提 出 用 于 评价 对象 抽取 的 七 种 新 的 语义 特征 。	在 SEMEVAL 比赛 的 三 个 领域 数据 集上 进行 实验 ,	1<2	unknown	evaluation	comment
在 SEMEVAL 比赛 的 三 个 领域 数据 集上 进行 实验 ,	新 的 语义 特征 和 句法 情感 依存 特征 组合 的 F1 分数 比 SEMEVAL 比赛 限制 性 系统 最好 成绩 平均 高 3.78％ ,	1<2	unknown	elab-addition	elaboration
新 的 语义 特征 和 句法 情感 依存 特征 组合 的 F1 分数 比 SEMEVAL 比赛 限制 性 系统 最好 成绩 平均 高 3.78％ ,	比非 限制 性 系统 最好 成绩 平均 高 2％ ,	1<2	unknown	joint	conjunction
新 的 语义 特征 和 句法 情感 依存 特征 组合 的 F1 分数 比 SEMEVAL 比赛 限制 性 系统 最好 成绩 平均 高 3.78％ ,	证明 了 所提 特征 的 有效 性 。	1<2	unknown	elab-addition	elaboration
语言 优美 是 学生 写作 能力 中 重要 的 一 部分 。	该文 提出 一 个 面向 作文 自动 评分 的 作文 优美 句 识别 任务 ,	1>2	unknown	bg-general	frame
该文 提出 一 个 面向 作文 自动 评分 的 作文 优美 句 识别 任务 ,	主要 识别 中 学 生 中 文 作 文中 的 优美 句 。	1<2	unknown	elab-addition	elaboration
相比 传统 文 本 分类 任务 ,	优美 句 识别 更 加难 以 用 特征 工程 的 方式 解决 。	1>2	unknown	comparison	concession
优美 句 识别 更 加难 以 用 特征 工程 的 方式 解决 。	因 此 , 该文 提出 一 种 基 于 卷积 神经 网络 ( CNN ) 和 双 向 长短 时 记忆 ( BiLSTM ) 网络 的 混合 神经 网络 结构	1>2	unknown	exp-reason	explanation
主要 识别 中 学 生 中 文 作 文中 的 优美 句 。	因 此 , 该文 提出 一 种 基 于 卷积 神经 网络 ( CNN ) 和 双 向 长短 时 记忆 ( BiLSTM ) 网络 的 混合 神经 网络 结构	1<2	unknown	elab-addition	elaboration
因 此 , 该文 提出 一 种 基 于 卷积 神经 网络 ( CNN ) 和 双 向 长短 时 记忆 ( BiLSTM ) 网络 的 混合 神经 网络 结构	进行 优美句 识别 ,	1<2	unknown	enablement	purpose
因 此 , 该文 提出 一 种 基 于 卷积 神经 网络 ( CNN ) 和 双 向 长短 时 记忆 ( BiLSTM ) 网络 的 混合 神经 网络 结构	并 和 CNN 、 BiLSTM 网络 进行 了 对比 。	1<2	unknown	joint	conjunction
实验 证明 ,	混合 神经 网络 的 准确 率 最高 ,	1>2	unknown	attribution	attribution
因 此 , 该文 提出 一 种 基 于 卷积 神经 网络 ( CNN ) 和 双 向 长短 时 记忆 ( BiLSTM ) 网络 的 混合 神经 网络 结构	混合 神经 网络 的 准确 率 最高 ,	1<2	unknown	evaluation	comment
混合 神经 网络 的 准确 率 最高 ,	达到 89.23% ,	1<2	unknown	elab-addition	elaboration
混合 神经 网络 的 准确 率 最高 ,	F1 值 与 BiL STM 相当 ,	1<2	unknown	joint	conjunction
F1 值 与 BiL STM 相当 ,	达到 75.39% 。	1<2	unknown	elab-addition	elaboration
该文 提出 一 个 面向 作文 自动 评分 的 作文 优美 句 识别 任务 ,	此外 , 该文 将 优美 句子 特征 用 于 作文 自动 评分 任务 ,	1<2	unknown	elab-addition	elaboration
此外 , 该文 将 优美 句子 特征 用 于 作文 自动 评分 任务 ,	可 使 计算 机 评分 和 人工 评分 的 大 分差 比例 下 降 21.41% 。	1<2	unknown	elab-addition	elaboration
事件 抽取 旨 在 从 非 结构 化 的 文本 中 抽取 出 事件 的 信息 ,	为 此 , 该文 提出 了 一 种 联合 深度 学习 和 主动 学习 的 事件 抽取 方法 。	1>2	unknown	bg-general	frame
事件 抽取 旨 在 从 非 结构 化 的 文本 中 抽取 出 事件 的 信息 ,	并 以 结构 化 的 形式 予 以 呈现 。	1<2	unknown	joint	conjunction
事件 抽取 旨 在 从 非 结构 化 的 文本 中 抽取 出 事件 的 信息 ,	监督 学 习 作 为 基础 的 事件 抽取 方法 往往 受制 于 训练 语料 规模 小 、 类别 分布 不 平衡 和 质量 参差不齐 的 问题 。	1<2	unknown	elab-addition	elaboration
监督 学 习 作 为 基础 的 事件 抽取 方法 往往 受制 于 训练 语料 规模 小 、 类别 分布 不 平衡 和 质量 参差不齐 的 问题 。	同时 , 传统 基 于 特征 工程 的 事件 抽取 方法 往往 会 产生 错误 传递 的 问题 ,	1<2	unknown	joint	conjunction
同时 , 传统 基 于 特征 工程 的 事件 抽取 方法 往往 会 产生 错误 传递 的 问题 ,	且 特征 工程 较为 复杂 。	1<2	unknown	joint	conjunction
为 此 , 该文 提出 了 一 种 联合 深度 学习 和 主动 学习 的 事件 抽取 方法 。	该 方法 将 RNN 模型 对 触发 词 分类 的 置信 度 融入 在 主动 学习 的 查询 函数 中 ,	1<2	unknown	elab-addition	elaboration
该 方法 将 RNN 模型 对 触发 词 分类 的 置信 度 融入 在 主动 学习 的 查询 函数 中 ,	以 此 在 主动 学习 过程 中 提高 语料 标注 效率 ,	1<2	unknown	elab-addition	elaboration
以 此 在 主动 学习 过程 中 提高 语料 标注 效率 ,	进而 提高 实验 的 最终 性能 。	1<2	unknown	enablement	purpose
实验 结果 显示 ,	这 一 联合 学习 方法 能够 辅助 事件 抽取 性能 的 提升 ,	1>2	unknown	enablement	purpose
为 此 , 该文 提出 了 一 种 联合 深度 学习 和 主动 学习 的 事件 抽取 方法 。	这 一 联合 学习 方法 能够 辅助 事件 抽取 性能 的 提升 ,	1<2	unknown	evaluation	comment
但 也 显示 ,	联合 模式 仍 有 较高 的 提升 空间 ,	1>2	unknown	attribution	attribution
这 一 联合 学习 方法 能够 辅助 事件 抽取 性能 的 提升 ,	联合 模式 仍 有 较高 的 提升 空间 ,	1<2	unknown	contrast	contrast
联合 模式 仍 有 较高 的 提升 空间 ,	有待 进 一 步 思考 和 探索 。	1<2	unknown	elab-addition	elaboration
微博 用户 转发 行 为 预测 是 微博 社交 网络 消息 扩散 模型 构建 的 基础 ,	该文 在 马尔科夫 随机 场框 架 下 综合 分析 了 用户 属性 与 微博 内容 特征 、 用户 转发 行为 约束 等 因素 对 用户 转发 行为 的 影响 ,	1>2	unknown	bg-general	frame
微博 用户 转发 行 为 预测 是 微博 社交 网络 消息 扩散 模型 构建 的 基础 ,	在 图书 阅读 推广 、 舆情 监控 与 市场 营销 等 领域 有 着 广泛 的 应用 。	1<2	unknown	elab-addition	elaboration
为了 提高 用户 转发 行为 预测 的 精度 ,	该文 在 马尔科夫 随机 场框 架 下 综合 分析 了 用户 属性 与 微博 内容 特征 、 用户 转发 行为 约束 等 因素 对 用户 转发 行为 的 影响 ,	1>2	unknown	enablement	purpose
并 在 逻辑 回归 模型 的 基础 上	构造 了 相应 的 能量 函数	1>2	unknown	bg-general	frame
该文 在 马尔科夫 随机 场框 架 下 综合 分析 了 用户 属性 与 微博 内容 特征 、 用户 转发 行为 约束 等 因素 对 用户 转发 行为 的 影响 ,	构造 了 相应 的 能量 函数	1<2	unknown	joint	conjunction
构造 了 相应 的 能量 函数	对 用户 转发 行为 进行 了 全局 性 的 预测 。	1<2	unknown	enablement	purpose
实验 结果 表明 ,	微博 用户 转发 行为 不仅 取决 于 用户 属性 、 微博 内容 等 特征 ,	1>2	unknown	attribution	attribution
该文 在 马尔科夫 随机 场框 架 下 综合 分析 了 用户 属性 与 微博 内容 特征 、 用户 转发 行为 约束 等 因素 对 用户 转发 行为 的 影响 ,	微博 用户 转发 行为 不仅 取决 于 用户 属性 、 微博 内容 等 特征 ,	1<2	unknown	elab-addition	elaboration
微博 用户 转发 行为 不仅 取决 于 用户 属性 、 微博 内容 等 特征 ,	而且 也 受到 与 其 相邻 用户 转发 行为 的 约束 。	1<2	unknown	joint	conjunction
相对 于 传统 算法	该 文算 法 可以 更 准确 地 对 用户 转发 行 为 进行 建模 ,	1>2	unknown	comparison	concession
该文 在 马尔科夫 随机 场框 架 下 综合 分析 了 用户 属性 与 微博 内容 特征 、 用户 转发 行为 约束 等 因素 对 用户 转发 行为 的 影响 ,	该 文算 法 可以 更 准确 地 对 用户 转发 行 为 进行 建模 ,	1<2	unknown	evaluation	comment
该 文算 法 可以 更 准确 地 对 用户 转发 行 为 进行 建模 ,	因而 可 获得 更好 的 预测 结果 。	1<2	unknown	result	causal
社交 网络 特征 和 用户 关系 是 社交 网络 分析 研究 的 重要 内容 。	该文 对 移动 社交 网络 中 存在 的 幂律 分布 及 用户 亲属 关系 判别 问题 进行 研究 。	1>2	unknown	bg-general	frame
该文 对 移动 社交 网络 中 存在 的 幂律 分布 及 用户 亲属 关系 判别 问题 进行 研究 。	在 幂律 分布 的 研究 中 , 该文 在 度 、 连通 子图 规模 及 用户 联系 人 数量 的 分布 中 找出 存在 的 三 个 幂律 分布 ,	1<2	unknown	elab-aspect	elaboration
在 幂律 分布 的 研究 中 , 该文 在 度 、 连通 子图 规模 及 用户 联系 人 数量 的 分布 中 找出 存在 的 三 个 幂律 分布 ,	同时 分析 其中 规律 和 结论 ,	1<2	unknown	elab-addition	elaboration
同时 分析 其中 规律 和 结论 ,	并 与 其他 社交 网络 进行 对比 。	1<2	unknown	joint	conjunction
该文 对 移动 社交 网络 中 存在 的 幂律 分布 及 用户 亲属 关系 判别 问题 进行 研究 。	在 该 文亲 属 关系 判别 研究 中 , 通过 提取 用户 通话 行为 的 多 种 显著 特征 ,	1<2	unknown	elab-aspect	elaboration
在 该 文亲 属 关系 判别 研究 中 , 通过 提取 用户 通话 行为 的 多 种 显著 特征 ,	采用 GBD T ( gradient boost decision tree ) 与 LR ( logistic regression ) 融合 方法 ,	1<2	unknown	joint	conjunction
在 该 文亲 属 关系 判别 研究 中 , 通过 提取 用户 通话 行为 的 多 种 显著 特征 ,	提出 一 种 用户 亲 属 关系 判别 模型 ,	1<2	unknown	enablement	purpose
提出 一 种 用户 亲 属 关系 判别 模型 ,	并 通过 实验 验证 该 模型 能 有效 判别 出用 户间 是否 存在 亲属 关系 ,	1<2	unknown	joint	conjunction
并 通过 实验 验证 该 模型 能 有效 判别 出用 户间 是否 存在 亲属 关系 ,	判别 精确 率 达到 81.01% 。	1<2	unknown	elab-addition	elaboration
﻿聚类 作 为 一 种 自动 化 程度 较高 的 无 监督 机器 学习 方法 ,	本文 首先 讨论 了 文档 聚类 的 应用 背景 和 体系 结构 ,	1>2	unknown	bg-general	frame
﻿聚类 作 为 一 种 自动 化 程度 较高 的 无 监督 机器 学习 方法 ,	近年 来 在 信息 检索 、 多 文档 自动 文摘 等 领域 获得 了 广泛 的 应用 。	1<2	unknown	elab-addition	elaboration
本文 首先 讨论 了 文档 聚类 的 应用 背景 和 体系 结构 ,	然后 对 文档 聚类 算法 、 聚类 空间 的 构造 和 降维 方法 、 文档 聚类 中 的 语义 问题 进行 了 综述 。	1<2	unknown	joint	conjunction
然后 对 文档 聚类 算法 、 聚类 空间 的 构造 和 降维 方法 、 文档 聚类 中 的 语义 问题 进行 了 综述 。	最后 还 介绍 了 聚类 质量 评测 问题 。	1<2	unknown	joint	conjunction
文本 情感 分析 是 自然 语言 处理 的 热点 问题 之 一 ,	构建 了 一 个 情感 词汇 分类 模型 。	1>2	unknown	bg-general	frame
文本 情感 分析 是 自然 语言 处理 的 热点 问题 之 一 ,	而 词汇 是 情感 分析 的 基础 。	1<2	unknown	elab-addition	elaboration
汉 字 通过 声音 和 形状 表达 意义 ,	该 文 综合 考虑 词汇 中 每个 字 的 部首 和 音位 等 信息 ,	1>2	unknown	bg-general	frame
该 文 综合 考虑 词汇 中 每个 字 的 部首 和 音位 等 信息 ,	构建 了 一 个 情感 词汇 分类 模型 。	1>2	unknown	manner-means	mode
构建 了 一 个 情感 词汇 分类 模型 。	在 模型 中 , 将 词汇 的 字 、 部首 和 音位 三 种 信息 向量 化 ,	1<2	unknown	elab-process_step	elaboration
在 模型 中 , 将 词汇 的 字 、 部首 和 音位 三 种 信息 向量 化 ,	与 原始 词汇 向量 融合 ,	1<2	unknown	joint	conjunction
与 原始 词汇 向量 融合 ,	生成 新 的 情感 词汇 表示 ,	1<2	unknown	joint	conjunction
生成 新 的 情感 词汇 表示 ,	最后 采用 前馈 神经 网络 和 卷积 神经 网络	1<2	unknown	joint	conjunction
最后 采用 前馈 神经 网络 和 卷积 神经 网络	对 情感 词汇 的 极性 进行 分类 。	1<2	unknown	enablement	purpose
实验 结果 表明 ,	三 种 细粒 度 特征 都 能 有效 地 提高 情感 词汇 的 分类 效果 ,	1>2	unknown	attribution	attribution
构建 了 一 个 情感 词汇 分类 模型 。	三 种 细粒 度 特征 都 能 有效 地 提高 情感 词汇 的 分类 效果 ,	1<2	unknown	evaluation	comment
三 种 细粒 度 特征 都 能 有效 地 提高 情感 词汇 的 分类 效果 ,	并且 该文 在 COAE 评测 的 语料 上 验证 了 模型 的 有效 性 。	1<2	unknown	joint	conjunction
该文 对 中 亚 地区 属 于 同 一 个 语族 的 土耳其 语 、 哈萨克 语 等 诸 语言 的 自然 语言 处理 现状 进行 了 综述 。	首先 分别 回顾 土耳其 语 、 哈萨克 语 和 其他 中 亚 语言 在 词法 分析 、 句法 分析 、 命名 实体 识别 、 机器 翻译 方面 的 研究 进展 ,	1<2	unknown	elab-process_step	elaboration
首先 分别 回顾 土耳其 语 、 哈萨克 语 和 其他 中 亚 语言 在 词法 分析 、 句法 分析 、 命名 实体 识别 、 机器 翻译 方面 的 研究 进展 ,	随后 讨论 了 与 具体 语言 无关 的 黏着 语 词法 分析 方面 的 研究 情况 ,	1<2	unknown	joint	conjunction
随后 讨论 了 与 具体 语言 无关 的 黏着 语 词法 分析 方面 的 研究 情况 ,	最后 指出 国 内外 中 亚 诸 语言 处理 自然 语言 领域 中 所 面临 的 问题 和 挑战 ,	1<2	unknown	joint	conjunction
最后 指出 国 内外 中 亚 诸 语言 处理 自然 语言 领域 中 所 面临 的 问题 和 挑战 ,	并 对 未来 的 研究 提出 了 建议	1<2	unknown	joint	conjunction
标注 《 文心 雕龙 》 的 篇章 结构 ,	据 此 研究 其 连接 词 的 显隐 、 语义 及 用法 。	1<2	unknown	joint	conjunction
标注 《 文心 雕龙 》 的 篇章 结构 ,	研究 发现 :	1<2	unknown	elab-addition	elaboration
研究 发现 :	( 1 ) 隐式 关系 ( 78.1%) 多 于 显式 关系 ( 21.9% ) ,	1<2	unknown	elab-enumember	elaboration
( 1 ) 隐式 关系 ( 78.1%) 多 于 显式 关系 ( 21.9% ) ,	17 类 关系 仅 有 四 类 ( 因果 、 转折 、 假设 、 目 的 ) 显多隐少 ;	1<2	unknown	joint	conjunction
( 1 ) 隐式 关系 ( 78.1%) 多 于 显式 关系 ( 21.9% ) ,	( 2 ) 各类 关系 的 同义 连接 词 种数 与 使用 有 差异 ,	1<2	unknown	joint	conjunction
( 2 ) 各类 关系 的 同义 连接 词 种数 与 使用 有 差异 ,	其中 种数 最多 17 ( 顺承 ) ,	1<2	unknown	elab-addition	elaboration
其中 种数 最多 17 ( 顺承 ) ,	最少 则无 ( 总分 、 背景 ) ;	1<2	unknown	joint	conjunction
( 1 ) 隐式 关系 ( 78.1%) 多 于 显式 关系 ( 21.9% ) ,	( 3 ) 连接 词 ( 56 种 ) 单义 为 多 ( 44 ) ,	1<2	unknown	joint	conjunction
( 3 ) 连接 词 ( 56 种 ) 单义 为 多 ( 44 ) ,	多义 为 少 ( 12 ) ,	1<2	unknown	joint	conjunction
( 3 ) 连接 词 ( 56 种 ) 单义 为 多 ( 44 ) ,	义项 最多 为 5 ,	1<2	unknown	joint	conjunction
( 3 ) 连接 词 ( 56 种 ) 单义 为 多 ( 44 ) ,	分布 有 差异 。	1<2	unknown	joint	conjunction
标注 《 文心 雕龙 》 的 篇章 结构 ,	最后 , 个案 分析 同义 连接 词 与 多 义 连接 词 的 用法 ,	1<2	unknown	elab-addition	elaboration
最后 , 个案 分析 同义 连接 词 与 多 义 连接 词 的 用法 ,	并 与 同 时期 著作 连接 词 的 使用 进行 了 对比	1<2	unknown	joint	conjunction
该文 以 126 名 中国 大学 生 为 测试 样本 ,	讨论 英 语 花园 幽径 句 解码 效果 与 解码 反应 时 之间 的 关联 性 。	1>2	unknown	bg-general	frame
并 采用 非 独立 t 检验 为 计算 方法 ,	讨论 英 语 花园 幽径 句 解码 效果 与 解码 反应 时 之间 的 关联 性 。	1>2	unknown	manner-means	mode
讨论 英 语 花园 幽径 句 解码 效果 与 解码 反应 时 之间 的 关联 性 。	花园 幽径 句 是 能 引发 行进 错位 的 局部 歧义 句 ,	1<2	unknown	elab-addition	elaboration
花园 幽径 句 是 能 引发 行进 错位 的 局部 歧义 句 ,	大学 生 在 歧义 消解 过程 中 易 产生 认知 困惑 。	1<2	unknown	elab-addition	elaboration
在 其他 条件 不变 的 情况 下 ,	先后 两 次 的 语言 实验 将 单样 本 花园 幽径 句 的 反应 时 从 5s 延长 至 10 s ,	1>2	unknown	bg-general	frame
讨论 英 语 花园 幽径 句 解码 效果 与 解码 反应 时 之间 的 关联 性 。	先后 两 次 的 语言 实验 将 单样 本 花园 幽径 句 的 反应 时 从 5s 延长 至 10 s ,	1<2	unknown	elab-addition	elaboration
先后 两 次 的 语言 实验 将 单样 本 花园 幽径 句 的 反应 时 从 5s 延长 至 10 s ,	并 进行 了 相应 的 t值 计算 。	1<2	unknown	joint	conjunction
并 进行 了 相应 的 t值 计算 。	S1 实验 中 , 测定 5s 反应 时 和 10s 反应 时 的 非 独立 t 检验 值 为 3.71 ,	1<2	unknown	elab-addition	elaboration
S1 实验 中 , 测定 5s 反应 时 和 10s 反应 时 的 非 独立 t 检验 值 为 3.71 ,	大 于 理论 临界 值 并 具有 显著 性 差异 。	1<2	unknown	elab-addition	elaboration
S1 实验 中 , 测定 5s 反应 时 和 10s 反应 时 的 非 独立 t 检验 值 为 3.71 ,	在 S2 - S100 的 实验 中 , 分析 发现 材料 的 选择 对 实验 结果 有 影响 。	1<2	unknown	joint	conjunction
讨论 英 语 花园 幽径 句 解码 效果 与 解码 反应 时 之间 的 关联 性 。	总体 而 言 , 英 语 花园 幽径 句 解码 效果 与 解码 反应 时 之间 具有 一定 关联 性 ,	1<2	unknown	summary	organization
总体 而 言 , 英 语 花园 幽径 句 解码 效果 与 解码 反应 时 之间 具有 一定 关联 性 ,	阅读 时间 的 延长 可以 在 一定 程度 上 帮助 学生 更好 地 消解 局部 歧义	1<2	unknown	elab-addition	elaboration
随 着 深度 学习 技术 的 兴起 , 自然 语言 处理 与 计算 机 视觉 领域 呈现相 结合 的 趋势 。	该文 详细 介绍 了 这 三 类 方法 各自 具有 代表 性 的 工作 ,	1>2	unknown	bg-general	frame
随 着 深度 学习 技术 的 兴起 , 自然 语言 处理 与 计算 机 视觉 领域 呈现相 结合 的 趋势 。	作 为 融合 视觉 和 语言 的 多 模态 研究 任务 , 图像 的 文本 描述 可 应 用 于 基 于 文本 内容 的 图像 检索 、 网络 图像 分析 等 众多 场景 中 ,	1<2	unknown	elab-addition	elaboration
作 为 融合 视觉 和 语言 的 多 模态 研究 任务 , 图像 的 文本 描述 可 应 用 于 基 于 文本 内容 的 图像 检索 、 网络 图像 分析 等 众多 场景 中 ,	从而 受到 了 研究 界 和 企业 界 的 广泛 关注 。	1<2	unknown	elab-addition	elaboration
作 为 融合 视觉 和 语言 的 多 模态 研究 任务 , 图像 的 文本 描述 可 应 用 于 基 于 文本 内容 的 图像 检索 、 网络 图像 分析 等 众多 场景 中 ,	图像 的 文本 描述 方法 可 归纳 为 三 大 类 :	1<2	unknown	elab-addition	elaboration
图像 的 文本 描述 方法 可 归纳 为 三 大 类 :	基 于 生成 的 方法 、 基 于 检索 的 方法 和 基 于 编码 — 解码 的 方法 。	1<2	unknown	elab-enumember	elaboration
该文 详细 介绍 了 这 三 类 方法 各自 具有 代表 性 的 工作 ,	并 进 一 步 分析 了 各 方法 的 优劣 ;	1<2	unknown	progression	organization
该文 详细 介绍 了 这 三 类 方法 各自 具有 代表 性 的 工作 ,	然后 对 图像 文本 描述 方法 的 相关 数据 集 、 评测 标准 和 主要 开源 工具 包 进行 了 阐述 ;	1<2	unknown	joint	conjunction
该文 详细 介绍 了 这 三 类 方法 各自 具有 代表 性 的 工作 ,	最后 , 分析 了 图像 的 文本 描述 中 需要 解决 的 关键 技术 问题 。	1<2	unknown	joint	conjunction
在 各类 在线 学习 系统 中 , 为了 给 学生 提供 优质 的 学习 服务 ,	一 个 基础 性 的 任务 是 试题 知识 点 预测 ,	1>2	unknown	enablement	purpose
一 个 基础 性 的 任务 是 试题 知识 点 预测 ,	为 此 , 该文 提出 一 种 教研 知识 强化 的 卷积 神经 网络 方法 进行 试题 知识 点 预测 。	1>2	unknown	bg-general	frame
一 个 基础 性 的 任务 是 试题 知识 点 预测 ,	即 预测 一 道 试题 所 考察 的 知识 概念 、 能力 等 。	1<2	unknown	elab-addition	elaboration
一 个 基础 性 的 任务 是 试题 知识 点 预测 ,	在 这 个 任务 中 , 已 有 方法 通常 基 于 人工 专家 标注 或者 传统 机器 学习 方法 。	1<2	unknown	elab-addition	elaboration
在 这 个 任务 中 , 已 有 方法 通常 基 于 人工 专家 标注 或者 传统 机器 学习 方法 。	然而 , 这些 传统 方法 要么 耗时 耗力 ,	1<2	unknown	elab-addition	elaboration
然而 , 这些 传统 方法 要么 耗时 耗力 ,	要么 仅 关注 试题 资源 的 浅层 特征 ,	1<2	unknown	joint	conjunction
要么 仅 关注 试题 资源 的 浅层 特征 ,	忽略 了 试题 文本 和 知识 点 之间 的 深层 语义 关联 。	1<2	unknown	elab-addition	elaboration
然而 , 这些 传统 方法 要么 耗时 耗力 ,	因 此 , 这 两 类 方法 在 实际 应用 中 均 受到 了 限制 。	1<2	unknown	result	causal
首先 , 结合 教育 学 经验 ,	定义 和 抽取 试题 的 浅层 特征 。	1>2	unknown	manner-means	mode
为 此 , 该文 提出 一 种 教研 知识 强化 的 卷积 神经 网络 方法 进行 试题 知识 点 预测 。	定义 和 抽取 试题 的 浅层 特征 。	1<2	unknown	elab-process_step	elaboration
定义 和 抽取 试题 的 浅层 特征 。	然后 , 利用 一 个 卷积 神经 网络	1<2	unknown	joint	conjunction
然后 , 利用 一 个 卷积 神经 网络	对 试题 的 深层 语义 进行 理解 和 表征 。	1<2	unknown	enablement	purpose
然后 , 利用 一 个 卷积 神经 网络	然后 , 考虑 到 教研 先验 与 试题 词句 之间 的 关联 ,	1<2	unknown	joint	conjunction
然后 , 考虑 到 教研 先验 与 试题 词句 之间 的 关联 ,	提出 一 种 基 于 注意 力 机制 的 方法	1<2	unknown	elab-addition	elaboration
提出 一 种 基 于 注意 力 机制 的 方法	能够 自动 识别 和 计算 不同 教研 先验 对 试题 的 重要 性 程度 。	1<2	unknown	elab-addition	elaboration
然后 , 考虑 到 教研 先验 与 试题 词句 之间 的 关联 ,	最后 , 设计 了 一 个 融合 知识 点 决策 和 试题 语义 约束 的 模型 训练 目标 。	1<2	unknown	joint	conjunction
为 此 , 该文 提出 一 种 教研 知识 强化 的 卷积 神经 网络 方法 进行 试题 知识 点 预测 。	该文 在 大 规模 数据 上 进行 了 充分 的 实验 。	1<2	unknown	evaluation	comment
该文 在 大 规模 数据 上 进行 了 充分 的 实验 。	所 提出 的 方法 能够 有效 地 进行 试题 知识 点 预测 ,	1<2	unknown	elab-addition	elaboration
所 提出 的 方法 能够 有效 地 进行 试题 知识 点 预测 ,	具有 很好 的 应用 价值 。	1<2	unknown	progression	organization
交互 式 问答 是 一 种 对话 式 的 、 连续 的 、 前后 关联 的 信息 交互 形式 ,	该文 归纳 分析 了 交互 式 问答 中 的 对话 行为 和 语句 关系 ,	1>2	unknown	bg-general	frame
交互 式 问答 是 一 种 对话 式 的 、 连续 的 、 前后 关联 的 信息 交互 形式 ,	交互 式 问答 的 关系 结构 直接 体现 了 交互 式 场景 在 不同 语言 层面 上 的 上下 文 关联 。	1<2	unknown	elab-addition	elaboration
该文 归纳 分析 了 交互 式 问答 中 的 对话 行为 和 语句 关系 ,	在 此 基础 上 提出 了 对应 的 关系 结构 体系 ;	1<2	unknown	progression	organization
为了 验证 类别 体系 的 合理 性 ,	对 真实 环境 中 的 交互 式 问答 语料 进行 了 对话 行为 标注 和 上下 文 语句 关系 标注 ;	1>2	unknown	enablement	purpose
该文 归纳 分析 了 交互 式 问答 中 的 对话 行为 和 语句 关系 ,	对 真实 环境 中 的 交互 式 问答 语料 进行 了 对话 行为 标注 和 上下 文 语句 关系 标注 ;	1<2	unknown	joint	conjunction
并 针 对 交互 式 问答 的 关系 结构 ,	总结 分析 了 交互 式 问答 中 对话 行为 的 变化 规律 ,	1>2	unknown	bg-general	frame
采用 隐马尔可夫 模型	总结 分析 了 交互 式 问答 中 对话 行为 的 变化 规律 ,	1>2	unknown	manner-means	mode
该文 归纳 分析 了 交互 式 问答 中 的 对话 行为 和 语句 关系 ,	总结 分析 了 交互 式 问答 中 对话 行为 的 变化 规律 ,	1<2	unknown	joint	conjunction
总结 分析 了 交互 式 问答 中 对话 行为 的 变化 规律 ,	统计 分析 了 交互 式 问答 的 语句 关系 结构 特点 。	1<2	unknown	joint	conjunction
该文 提 出 面 向 文本 聚类 分析 的 实体 — 动作 关联 模 型 EARM ,	探讨 汉 语 语义 实体 及 其 行为 的 描述 方法 。	1<2	unknown	joint	conjunction
汉 语 属 于 非 形态 语言 ,	该文 提出 一 种 句法 成分 识别 机制 ,	1>2	unknown	bg-general	frame
汉 语 属 于 非 形态 语言 ,	语句 没有 时态 及 语态 的 变化 ,	1<2	unknown	elab-addition	elaboration
语句 没有 时态 及 语态 的 变化 ,	词类 跟 句法 成分 之间 也 不是 简单 的 一 一 对应 关系 。	1<2	unknown	joint	conjunction
该文 提 出 面 向 文本 聚类 分析 的 实体 — 动作 关联 模 型 EARM ,	该文 提出 一 种 句法 成分 识别 机制 ,	1<2	unknown	elab-addition	elaboration
该文 提出 一 种 句法 成分 识别 机制 ,	根据 词汇 类别 特征 及 位置 特征 识别 实体 及 动作 。	1<2	unknown	elab-addition	elaboration
根据 词汇 类别 特征 及 位置 特征 识别 实体 及 动作 。	在 句法 成分 识别 的 基础 上 展开 句法 分析 ,	1<2	unknown	elab-addition	elaboration
在 句法 成分 识别 的 基础 上 展开 句法 分析 ,	通过 匹配 句型 特征 建立 实体 — 动作 关联 模 型 EARM ,	1<2	unknown	elab-addition	elaboration
通过 匹配 句型 特征 建立 实体 — 动作 关联 模 型 EARM ,	描述 实体 的 行为 及 状态 。	1<2	unknown	enablement	purpose
对于 嵌套 句型 等 较为 复杂 的 句型 结构 ,	需要 在 句法 分析 过程 中 实施 动作 层次 分解 ,	1>2	unknown	bg-general	frame
在 句法 成分 识别 的 基础 上 展开 句法 分析 ,	需要 在 句法 分析 过程 中 实施 动作 层次 分解 ,	1<2	unknown	elab-addition	elaboration
需要 在 句法 分析 过程 中 实施 动作 层次 分解 ,	将 复杂 语句 分解 为 简单 的 基本 句型 ,	1<2	unknown	elab-addition	elaboration
将 复杂 语句 分解 为 简单 的 基本 句型 ,	以 便 于 挖掘 实体 — 动作 关联 。	1<2	unknown	enablement	purpose
考虑 到 汉 语 语法 比较 灵活 , 语句 成分 缺省 和 倒装 现象 相对 普遍 ,	该文 提出 了 倒装 句 的 识别 机制 ,	1>2	unknown	exp-reason	explanation
该文 提出 一 种 句法 成分 识别 机制 ,	该文 提出 了 倒装 句 的 识别 机制 ,	1<2	unknown	joint	conjunction
该文 提出 了 倒装 句 的 识别 机制 ,	通过 匹配 接近 的 句型 进行 实体 移位 , 调整 语序 。	1<2	unknown	elab-addition	elaboration
该文 提出 一 种 句法 成分 识别 机制 ,	论述 了 基 于 统计 模型 的 EARM 权重 量化 策略 ,	1<2	unknown	joint	conjunction
借助 语法 树 的 最大 公共 子 图	量化 文本 的 相似 度	1>2	unknown	manner-means	mode
论述 了 基 于 统计 模型 的 EARM 权重 量化 策略 ,	量化 文本 的 相似 度	1<2	unknown	joint	conjunction
量化 文本 的 相似 度	并 实施 聚类 ,	1<2	unknown	joint	conjunction
论述 了 基 于 统计 模型 的 EARM 权重 量化 策略 ,	设计 并 开展 了 EARM 实体 — 动作 分析 实验 和 EARM 聚类 实验 。	1<2	unknown	joint	conjunction
实验 结果 表明	EARM 的 分析 是 准确 有效 的 ,	1>2	unknown	attribution	attribution
该文 提 出 面 向 文本 聚类 分析 的 实体 — 动作 关联 模 型 EARM ,	EARM 的 分析 是 准确 有效 的 ,	1<2	unknown	evaluation	comment
EARM 的 分析 是 准确 有效 的 ,	聚类 结果 是 合理 的 。	1<2	unknown	elab-addition	elaboration
该文 从 短语 结构 和 句式 结构 的 区别 与 联系 入手 , 设计 了 一 种 将 短语 结构 自动 转换 为 句式 结构 的 算法 。	并 以 清华 短语 结构 树库 ( TCT ) 为 测试 语料 , 实现 了 将 大 规模 短语 结构 语料 向 句式 结构 语料 的 转换 。	1<2	unknown	joint	conjunction
该文 从 短语 结构 和 句式 结构 的 区别 与 联系 入手 , 设计 了 一 种 将 短语 结构 自动 转换 为 句式 结构 的 算法 。	最后 , 搭建 了 一 套 可 扩展 的 可 视 化 系统 ,	1<2	unknown	joint	conjunction
最后 , 搭建 了 一 套 可 扩展 的 可 视 化 系统 ,	用 于 不同 句法 结构 语料 的 可 视 化 查看 。	1<2	unknown	elab-addition	elaboration
该文 从 短语 结构 和 句式 结构 的 区别 与 联系 入手 , 设计 了 一 种 将 短语 结构 自动 转换 为 句式 结构 的 算法 。	这 一 研究 不仅 实现 了 两 种 结构 之间 的 初步 转换 ,	1<2	unknown	elab-addition	elaboration
这 一 研究 不仅 实现 了 两 种 结构 之间 的 初步 转换 ,	而且 极大 地 丰富 了 汉 语句 本位 图解 树 库 的 语料 规模 ,	1<2	unknown	joint	conjunction
这 一 研究 不仅 实现 了 两 种 结构 之间 的 初步 转换 ,	并 为 汉 语句 本位 图解 树库 的 后续 应用 研究 奠定 了 基础 。	1<2	unknown	joint	conjunction
﻿本文 依据 语言 测试 领域 的 作文 评分 要素 ,	对 国外 具有 代表 性 的 三 种 作文 自动 评分 系统 进行 评介 和 比较 ,	1>2	unknown	bg-general	frame
对 国外 具有 代表 性 的 三 种 作文 自动 评分 系统 进行 评介 和 比较 ,	指出 这些 评分 系统 在 训练 及 作文 的 人工 评分 方法 和 机器 评分 效度 等 方面 存在 的 问题 ,	1<2	unknown	elab-addition	elaboration
指出 这些 评分 系统 在 训练 及 作文 的 人工 评分 方法 和 机器 评分 效度 等 方面 存在 的 问题 ,	并 分析 这些 作文 自动 评分 系统 为 我国 自 主 开发 作文 自动 评分 系统 所 提供 的 借鉴 作用 。	1<2	unknown	joint	conjunction
